<?xml version="1.0" encoding="utf-8" ?>
<kml xmlns="http://www.opengis.net/kml/2.2">
<Document id="root_doc">
<Folder><name>BlackHills_reduced_smoothed</name>
  <Placemark>
	<Style><LineStyle><color>ff0000ff</color></LineStyle><PolyStyle><fill>0</fill></PolyStyle></Style>
      <MultiGeometry><Polygon><outerBoundaryIs><LinearRing><coordinates>-103.887256,43.535784 -103.8875296,43.5357849 -103.8907548,43.5357958 -103.8957379,43.5358128 -103.9006832,43.5358143 -103.9056285,43.5358158 -103.91057,43.5358163 -103.9155116,43.5358168 -103.9204941,43.5358322 -103.9254766,43.5358475 -103.9304538,43.5358341 -103.936307,43.5358184 -103.9363179,43.536854 -103.9412769,43.5368527 -103.9413801,43.5368527 -103.9462358,43.5368513 -103.9464424,43.5368513 -103.9464953,43.5405272 -103.9465483,43.5442031 -103.9515627,43.5441812 -103.9565771,43.5441593 -103.9615985,43.5441624 -103.9666199,43.5441654 -103.9716413,43.5441685 -103.9766626,43.5441715 -103.9766453,43.5477831 -103.9766279,43.551395 -103.9816175,43.5513639 -103.9866071,43.5513329 -103.9865397,43.5549382 -103.9864723,43.5585436 -103.9864062,43.5620991 -103.98634,43.5656546 -103.9913055,43.5656202 -103.9913446,43.5656199 -103.9962809,43.5655864 -103.9962755,43.5684198 -103.9962682,43.5720373 -103.9962349,43.5756608 -103.9962016,43.5792843 -103.9962154,43.5828883 -103.9962293,43.5864924 -103.9912583,43.586503 -103.9912518,43.5901551 -103.9962228,43.590154 -103.9962166,43.5938155 -103.9912453,43.5938072 -103.9912393,43.5974241 -103.9912334,43.6010407 -103.9962126,43.6010395 -103.9962048,43.6046611 -103.9961969,43.6082828 -104.0011583,43.6082852 -104.0061196,43.6082876 -104.0111114,43.6082856 -104.0111091,43.6119107 -104.0111068,43.6155355 -104.0111035,43.6191658 -104.016084,43.6191668 -104.0160761,43.6227981 -104.0160717,43.6249268 -104.0160695,43.6264276 -104.0160641,43.6300572 -104.0160609,43.6320965 -104.0160585,43.6336778 -104.0160532,43.6370089 -104.0160528,43.6372985 -104.0210278,43.6372935 -104.0250158,43.6372895 -104.0260027,43.6372893 -104.0259943,43.6409117 -104.0259892,43.6431181 -104.0259874,43.6438667 -104.0259859,43.644534 -104.0259775,43.6481543 -104.0259762,43.6486982 -104.0259697,43.6514932 -104.0250186,43.6514937 -104.02502,43.6551144 -104.0250214,43.658735 -104.0250229,43.6623546 -104.0250243,43.6659742 -104.0250228,43.6695933 -104.0250212,43.6732125 -104.0250197,43.6768313 -104.0250181,43.68045 -104.0200265,43.6804532 -104.0150349,43.6804565 -104.0150332,43.6840779 -104.0150315,43.6876992 -104.0200262,43.6876975 -104.0250209,43.6876955 -104.0250223,43.6913179 -104.0300186,43.6913164 -104.0350149,43.6913147 -104.0350194,43.6949142 -104.0350194,43.6949229 -104.0350194,43.6949384 -104.035021,43.6985613 -104.0350221,43.7021844 -104.0350252,43.7058039 -104.0350283,43.7094227 -104.030029,43.7094224 -104.0250297,43.7094221 -104.0250233,43.7130382 -104.0250168,43.7166543 -104.0250103,43.72027 -104.0250038,43.7238857 -104.0250027,43.7275119 -104.0250017,43.7311381 -104.0250006,43.7347611 -104.0249998,43.7376479 -104.0249997,43.7379661 -104.0249996,43.7383604 -104.0258843,43.7383614 -104.0265885,43.7383621 -104.0300027,43.7383656 -104.0337955,43.7383695 -104.0340822,43.7383698 -104.0350057,43.7383707 -104.0400005,43.7383716 -104.0450014,43.738376 -104.0499985,43.7383781 -104.0552208,43.7383805 -104.0552206,43.7382755 -104.0552197,43.7378266 -104.0552195,43.7377187 -104.0552194,43.7376782 -104.0551814,43.7346875 -104.0551771,43.7343094 -104.0551569,43.7327356 -104.0551356,43.731072 -104.0551324,43.7307912 -104.0550894,43.7274565 -104.0550873,43.7272731 -104.0550529,43.723841 -104.0550511,43.7236853 -104.06239,43.7237808 -104.0623899,43.7274124 -104.0623306,43.7310434 -104.0671432,43.7310232 -104.0671161,43.7346434 -104.0670882,43.7382751 -104.0719659,43.7382446 -104.0768947,43.7382137 -104.0818237,43.7381827 -104.0818553,43.7345477 -104.0818832,43.7309712 -104.081911,43.7273947 -104.0819428,43.7238057 -104.076969,43.723797 -104.0719952,43.7237881 -104.0671926,43.7237845 -104.0672148,43.7201661 -104.0672373,43.716528 -104.0672597,43.7128898 -104.0721291,43.7128936 -104.0771056,43.7129227 -104.0820821,43.7129518 -104.0820785,43.709331 -104.0820748,43.7057103 -104.0820912,43.7021456 -104.0821076,43.698581 -104.0771314,43.6985281 -104.0721553,43.6984753 -104.0721583,43.694765 -104.0771161,43.69481 -104.0771008,43.6910918 -104.077101,43.6875718 -104.0721642,43.6875321 -104.0672833,43.687484 -104.0672768,43.6839497 -104.0672663,43.6803653 -104.0672558,43.6767807 -104.0623805,43.6767795 -104.0624031,43.6732161 -104.0672583,43.6732063 -104.0672607,43.6696319 -104.0624257,43.6696526 -104.0549021,43.669487 -104.0548892,43.6659562 -104.0548891,43.6659335 -104.054889,43.665862 -104.0548801,43.66238 -104.0548801,43.6623456 -104.0548711,43.6588256 -104.054871,43.6587742 -104.054871,43.658735 -104.0548622,43.6552712 -104.062624,43.6552444 -104.0675976,43.6552239 -104.0725711,43.6552035 -104.0775446,43.655183 -104.0825182,43.6551625 -104.0823975,43.6587734 -104.0872861,43.6587753 -104.0873685,43.6551629 -104.0873948,43.6515064 -104.0874207,43.6478855 -104.0874522,43.6442668 -104.0825099,43.6442671 -104.077531,43.6443003 -104.0775302,43.6406786 -104.0725459,43.6407088 -104.0675616,43.6407389 -104.0625772,43.640769 -104.0548661,43.6406591 -104.0548696,43.6372662 -104.0548691,43.6370345 -104.054869,43.6370287 -104.054869,43.6370236 -104.054874,43.6353657 -104.0548792,43.6336365 -104.054879,43.6334099 -104.0548892,43.630007 -104.054889,43.6297852 -104.0548892,43.62972 -104.0548993,43.6263773 -104.0548991,43.6261606 -104.0549032,43.6248658 -104.0549099,43.6227478 -104.0549098,43.6225758 -104.0549098,43.6225711 -104.0549098,43.6225686 -104.0549179,43.6191149 -104.054918,43.6190205 -104.0549181,43.6189764 -104.0549264,43.615482 -104.0549265,43.6153843 -104.0549349,43.6118491 -104.0549349,43.6118183 -104.054935,43.6117921 -104.0549447,43.6082162 -104.0549448,43.6081985 -104.0549448,43.6081686 -104.0549509,43.605681 -104.0549535,43.6045995 -104.0549536,43.6045451 -104.0549556,43.6037048 -104.0549622,43.6009827 -104.0549623,43.6009215 -104.0549709,43.597366 -104.0549709,43.5973349 -104.054971,43.5972981 -104.0549779,43.5944676 -104.0549796,43.5937492 -104.0549797,43.5936777 -104.0549819,43.5923097 -104.0549854,43.5901333 -104.0549856,43.5900573 -104.0549868,43.5893311 -104.0549913,43.5865174 -104.0549914,43.5864368 -104.0549971,43.5829015 -104.0549973,43.5828164 -104.0549998,43.5812496 -104.055003,43.5792856 -104.055003,43.5792603 -104.055003,43.5792542 -104.055005,43.5779691 -104.0550086,43.5756925 -104.0550086,43.5756653 -104.0550142,43.5721306 -104.0550143,43.5720451 -104.0550195,43.5687487 -104.0550198,43.5685693 -104.05502,43.5684245 -104.055024,43.5659087 -104.0550256,43.564903 -104.0550257,43.564784 -104.0509835,43.5648367 -104.0504085,43.5648442 -104.0460077,43.5649015 -104.0454428,43.5649089 -104.0410326,43.5649659 -104.0404776,43.5649731 -104.0360649,43.5650341 -104.0355199,43.5650412 -104.0355021,43.5616716 -104.0354831,43.5580466 -104.0354759,43.5544134 -104.0354686,43.5507807 -104.0304956,43.5507816 -104.0304941,43.5471635 -104.0255322,43.5471619 -104.0255422,43.5435858 -104.0255491,43.5399574 -104.025558,43.5363291 -104.0206183,43.5363777 -104.0205824,43.536378 -104.0156068,43.5364269 -104.0106893,43.5363668 -104.0106395,43.5363661 -104.0057718,43.5363067 -104.0056723,43.5363055 -104.0008418,43.5362485 -104.0006925,43.5362467 -103.9959118,43.5361904 -103.9957128,43.5361905 -103.991606,43.5361925 -103.9909392,43.536193 -103.9866707,43.536195 -103.9859665,43.5361962 -103.9859162,43.5325801 -103.9858659,43.5289639 -103.9858156,43.5253478 -103.9857653,43.5217316 -103.9807999,43.5217301 -103.980719,43.5217301 -103.9756728,43.5217285 -103.9756738,43.5187013 -103.9756741,43.5180922 -103.9756752,43.5150786 -103.9756754,43.5144558 -103.9756684,43.5114658 -103.975667,43.5108557 -103.9756612,43.5078529 -103.9756589,43.5072555 -103.9756498,43.5042168 -103.9756476,43.5036367 -103.9756381,43.5005805 -103.975636,43.5000175 -103.9756241,43.4969607 -103.9756219,43.4964112 -103.975608,43.4928046 -103.9708776,43.4928043 -103.9706388,43.4928042 -103.9659084,43.4928038 -103.9656697,43.492804 -103.9608053,43.4928031 -103.9559409,43.4928022 -103.9559425,43.4897228 -103.9559428,43.4892339 -103.9559443,43.4857576 -103.9559444,43.4856653 -103.955946,43.4821255 -103.955946,43.4820794 -103.9559476,43.4784934 -103.9558183,43.4784943 -103.950915,43.4785231 -103.9508504,43.4785234 -103.9458825,43.4785526 -103.9409208,43.4785806 -103.9359591,43.4786087 -103.9359498,43.4749838 -103.9359404,43.471359 -103.9359218,43.467722 -103.9359031,43.4640851 -103.9358934,43.4604552 -103.9358837,43.4568254 -103.9359,43.4532254 -103.9359162,43.4496254 -103.930724,43.4495771 -103.9257705,43.4495311 -103.9257774,43.445922 -103.9257842,43.4423129 -103.9307205,43.4423626 -103.9307181,43.4387525 -103.9257914,43.4386981 -103.9257979,43.4350832 -103.9208003,43.4350268 -103.9207812,43.4314096 -103.9157959,43.4313489 -103.9108082,43.4313127 -103.9108021,43.4277003 -103.9058185,43.4276734 -103.9008409,43.4276469 -103.8958632,43.4276202 -103.8958592,43.4240027 -103.8958551,43.4203852 -103.8908798,43.4203504 -103.8859044,43.4203156 -103.8809092,43.4202818 -103.875914,43.4202479 -103.870981,43.420216 -103.866048,43.4201841 -103.8659861,43.4165592 -103.8659242,43.4129342 -103.8658621,43.4093201 -103.8658001,43.405706 -103.8658303,43.4020924 -103.8708109,43.4021237 -103.8708358,43.3985082 -103.8658606,43.3984793 -103.8608853,43.3984508 -103.8559101,43.3984221 -103.8558699,43.4020298 -103.8558297,43.4056376 -103.8508896,43.4056033 -103.8459495,43.4055691 -103.8410007,43.4055453 -103.8360518,43.4055214 -103.8311073,43.4054809 -103.8261628,43.4054402 -103.8212121,43.4053985 -103.8162614,43.4053568 -103.8162717,43.4017386 -103.8162819,43.3981203 -103.8162907,43.3945003 -103.8162995,43.3908803 -103.811814,43.3908844 -103.811757,43.3908845 -103.806996,43.3908888 -103.8067924,43.390889 -103.8019302,43.3908926 -103.8018284,43.3908927 -103.7968643,43.3908964 -103.7919002,43.3908982 -103.7869361,43.3909 -103.781972,43.3909018 -103.7770078,43.3909037 -103.776992,43.3871208 -103.7769769,43.3835058 -103.7769612,43.3798965 -103.7769454,43.3762871 -103.7769404,43.3726977 -103.7769353,43.3691082 -103.7818883,43.3691145 -103.7818838,43.3655204 -103.7769302,43.3655188 -103.7738914,43.3655034 -103.7734526,43.3655012 -103.7719726,43.3654937 -103.7719765,43.3672777 -103.7719775,43.3677508 -103.7719804,43.3690856 -103.7708908,43.3690806 -103.7704614,43.3690786 -103.7670254,43.3690628 -103.767015,43.3654684 -103.7670045,43.361874 -103.7620441,43.3618464 -103.7570838,43.3618187 -103.7570658,43.35821 -103.7570479,43.3546013 -103.7570299,43.3509926 -103.757012,43.3473838 -103.7619745,43.3474137 -103.766937,43.3474435 -103.7669368,43.3438251 -103.7669366,43.3402067 -103.7619789,43.3401819 -103.7570212,43.340157 -103.7521052,43.3401425 -103.7521101,43.3365285 -103.7521151,43.3329145 -103.7472,43.332899 -103.7471946,43.3365134 -103.7471893,43.3401278 -103.7471839,43.3437418 -103.7471786,43.3473558 -103.742262,43.3473419 -103.7422688,43.3509517 -103.7422756,43.3545615 -103.7373515,43.3545478 -103.7373546,43.3581578 -103.7373577,43.3617678 -103.7373596,43.3653738 -103.7373614,43.3689798 -103.7373633,43.3725858 -103.7373652,43.3761917 -103.7373589,43.3798063 -103.7373526,43.3834208 -103.7373458,43.3870384 -103.7373386,43.390929 -103.7373417,43.3941488 -103.7373419,43.39431 -103.7373421,43.3945356 -103.7373455,43.3981422 -103.737349,43.4017489 -103.7373525,43.4053556 -103.7373626,43.4089746 -103.7373727,43.4125936 -103.7373828,43.4162126 -103.7349023,43.4162145 -103.7349053,43.4198335 -103.7373929,43.4198316 -103.7374001,43.4234528 -103.7374073,43.4270739 -103.7374145,43.4306951 -103.7374217,43.4343163 -103.7324498,43.4343147 -103.7324525,43.4379361 -103.7324551,43.4415575 -103.7374245,43.4415601 -103.7374231,43.4379382 -103.7424051,43.4379461 -103.7424033,43.4343257 -103.7473848,43.4343351 -103.7523665,43.4343446 -103.7573482,43.4343541 -103.757351,43.4379691 -103.7622998,43.4379819 -103.7672485,43.4379945 -103.7721973,43.4380071 -103.7721861,43.4343999 -103.777132,43.4344152 -103.7819557,43.434406 -103.7820995,43.4344057 -103.787067,43.434396 -103.7894715,43.434391 -103.7920352,43.434386 -103.7970034,43.4343763 -103.7970076,43.4379759 -103.7970118,43.4415755 -103.7970161,43.4451751 -103.7970202,43.4487747 -103.7970325,43.4524057 -103.7970447,43.4560368 -103.8020037,43.4560141 -103.8069628,43.4559913 -103.8119277,43.4559681 -103.816067,43.4559487 -103.8210853,43.4559044 -103.8261034,43.45586 -103.8260964,43.4523488 -103.8260893,43.4488376 -103.8310911,43.448875 -103.8335928,43.4488926 -103.8360962,43.44891 -103.8361057,43.4523422 -103.8361152,43.4557744 -103.8410558,43.4558969 -103.8410735,43.4596672 -103.8410912,43.4634365 -103.8410535,43.4670495 -103.8410159,43.4706628 -103.8459726,43.4706988 -103.8509332,43.470735 -103.8558938,43.470771 -103.860867,43.4707992 -103.8658402,43.4708273 -103.8658424,43.4744471 -103.8658445,43.4780977 -103.8708288,43.4781444 -103.8758131,43.4781912 -103.8758029,43.4813845 -103.8757912,43.4850086 -103.8757788,43.4886326 -103.8807557,43.4885839 -103.8857325,43.4885353 -103.8857119,43.4922939 -103.8857183,43.4959108 -103.885719,43.4959828 -103.8857247,43.4995276 -103.8857302,43.5029113 -103.8857259,43.5031458 -103.885727,43.5067639 -103.8857257,43.5103929 -103.8857202,43.5131401 -103.8857244,43.5140217 -103.8857391,43.5176506 -103.8857538,43.5212795 -103.885769,43.5249039 -103.8857843,43.5285283 -103.885788,43.5293267 -103.8857818,43.5310857 -103.8857788,43.5319285 -103.885778,43.5321536 -103.8857718,43.535779 -103.887256,43.535784</coordinates></LinearRing></outerBoundaryIs><innerBoundaryIs><LinearRing><coordinates>-104.0548994,43.6875292 -104.0548992,43.6874461 -104.0555103,43.6874452 -104.0563382,43.6874441 -104.0568604,43.6874434 -104.0576322,43.6874423 -104.0586081,43.687441 -104.0600669,43.687439 -104.0607908,43.6874379 -104.0624025,43.6874357 -104.0624184,43.6909812 -104.0587306,43.691002 -104.0581674,43.6910052 -104.0549017,43.6910234 -104.0549001,43.6883603 -104.0548998,43.6879626 -104.0548996,43.6876669 -104.0548994,43.6875292</coordinates></LinearRing></innerBoundaryIs></Polygon><Polygon><outerBoundaryIs><LinearRing><coordinates>-104.0599417,44.0306288 -104.0549393,44.0306288 -104.0549487,44.0293753 -104.0549581,44.0281107 -104.0549688,44.0266558 -104.0597061,44.0269227 -104.0594705,44.0232166 -104.064358,44.0233005 -104.0692456,44.0233841 -104.0690217,44.0197257 -104.0687978,44.0160672 -104.0638985,44.0159359 -104.0589992,44.0158045 -104.0550295,44.0147368 -104.0550338,44.0136647 -104.0550338,44.0136417 -104.0550431,44.0112732 -104.0550481,44.0100252 -104.0550486,44.0098894 -104.055052,44.0078096 -104.0550542,44.0064036 -104.0550576,44.0043469 -104.0550595,44.0031684 -104.0550601,44.0027821 -104.0550632,44.0008843 -104.055066,43.9991599 -104.0550872,43.9970317 -104.0550719,43.9955371 -104.0550788,43.993198 -104.0550541,43.9920817 -104.0550611,43.989397 -104.0550352,43.9884596 -104.0550433,43.9855951 -104.0550163,43.9848377 -104.0550271,43.9821137 -104.055,43.9814547 -104.0550048,43.9812167 -104.0550814,43.9786324 -104.0550792,43.9775962 -104.0551526,43.975142 -104.0551537,43.9739756 -104.0552238,43.9716517 -104.0552279,43.9703552 -104.0552955,43.9681321 -104.0553099,43.9671935 -104.0552868,43.9667141 -104.0552964,43.9646118 -104.0552499,43.9630728 -104.0552723,43.9610997 -104.055213,43.9594314 -104.0552483,43.9575878 -104.0552393,43.9562992 -104.0551768,43.9557901 -104.0552247,43.9540156 -104.0552127,43.953048 -104.0551579,43.9521797 -104.0552248,43.9504447 -104.0551931,43.9485691 -104.0552353,43.9468728 -104.0552284,43.9449587 -104.0552458,43.9433009 -104.055263,43.9413481 -104.0552642,43.9412178 -104.0552563,43.939735 -104.0552876,43.9387742 -104.0552912,43.9377343 -104.055304,43.936069 -104.0553045,43.9341205 -104.0553159,43.9324667 -104.0553177,43.9305067 -104.0553237,43.9288641 -104.0553263,43.9279917 -104.0553297,43.9268929 -104.0553343,43.9254286 -104.0553345,43.9253733 -104.0553377,43.9243607 -104.0553409,43.9238276 -104.0553442,43.923272 -104.0553519,43.9219932 -104.0553658,43.919651 -104.0553723,43.9185577 -104.0553873,43.91603 -104.0553927,43.9151223 -104.0554066,43.9124099 -104.0554066,43.9124081 -104.0554085,43.9120704 -104.05541,43.9118271 -104.0554195,43.9100533 -104.0554218,43.9094105 -104.0554242,43.9087429 -104.0554249,43.9085609 -104.0554251,43.9085149 -104.0554345,43.9052026 -104.0554346,43.9051654 -104.0554347,43.9051284 -104.055444,43.9018905 -104.0554452,43.9015707 -104.0554455,43.9015139 -104.0554596,43.8978991 -104.0554614,43.8974339 -104.0554659,43.8963217 -104.0554672,43.8959858 -104.0554781,43.8940218 -104.0554785,43.8939648 -104.0554788,43.8939077 -104.0554981,43.8904015 -104.0554998,43.8900992 -104.0555008,43.8899164 -104.0555181,43.8867812 -104.0555229,43.8859251 -104.0555363,43.8832877 -104.055537,43.883161 -104.0555412,43.8824071 -104.0555437,43.8819558 -104.0555444,43.8818234 -104.0555498,43.8795258 -104.0555507,43.8791955 -104.0555515,43.8788892 -104.0555581,43.8758907 -104.0555595,43.8753712 -104.0555662,43.8723143 -104.0555664,43.8722554 -104.0555671,43.8719641 -104.0555674,43.8718532 -104.0555733,43.8708732 -104.0555866,43.8686202 -104.0555878,43.8682446 -104.0555888,43.8679922 -104.0555909,43.8673966 -104.0555865,43.8651248 -104.0555863,43.8650073 -104.0555856,43.8646351 -104.0555835,43.863562 -104.0555793,43.861394 -104.0555788,43.8611258 -104.0555786,43.8610255 -104.0555761,43.8597179 -104.0555723,43.8577807 -104.0555723,43.8577804 -104.0555716,43.8574158 -104.0555689,43.8560084 -104.0555653,43.8541685 -104.0555647,43.8537855 -104.0555636,43.8533684 -104.0555609,43.8523647 -104.055556,43.8505559 -104.0555524,43.8501546 -104.0555425,43.8469434 -104.0555386,43.8465233 -104.055529,43.8433308 -104.0555248,43.842892 -104.0555161,43.8397184 -104.0555112,43.8393206 -104.055508,43.8385135 -104.0555084,43.838387 -104.0555072,43.8361083 -104.0555131,43.8357495 -104.0554801,43.8324985 -104.0554795,43.8323712 -104.0554785,43.832179 -104.0554524,43.8288886 -104.055451,43.8286101 -104.0554374,43.8252741 -104.0554369,43.8251543 -104.0554361,43.8249681 -104.0554328,43.8241933 -104.0554255,43.8221908 -104.0554236,43.8216607 -104.0554231,43.821542 -104.0554225,43.8214014 -104.0554108,43.8180473 -104.0554099,43.8178336 -104.055398,43.8144318 -104.0553978,43.814374 -104.0553974,43.814264 -104.0553917,43.8121988 -104.0553879,43.8108183 -104.0553871,43.8106373 -104.0553854,43.8101917 -104.0553841,43.8098624 -104.0553826,43.8072097 -104.0553824,43.8068788 -104.055381,43.8040575 -104.0553808,43.8036008 -104.0553805,43.8031853 -104.0553789,43.7999919 -104.0553786,43.7996246 -104.0553785,43.7994919 -104.0553778,43.7991261 -104.0553721,43.7963832 -104.0553719,43.7960877 -104.0553716,43.7957822 -104.0553713,43.7955016 -104.0553655,43.7938275 -104.0553618,43.7927729 -104.0553607,43.7924176 -104.0553597,43.7920745 -104.0553532,43.7902493 -104.0553493,43.7891623 -104.0553472,43.7884397 -104.055347,43.7883667 -104.0553469,43.7883646 -104.055337,43.7855518 -104.0553344,43.7846759 -104.0553343,43.784659 -104.0553312,43.7832485 -104.0553283,43.7819415 -104.0553272,43.7815171 -104.0553262,43.7811241 -104.0553259,43.7810183 -104.0553241,43.7783108 -104.055324,43.7782514 -104.0553231,43.7775894 -104.0553224,43.7763782 -104.0553213,43.7746801 -104.0500573,43.7746639 -104.0450535,43.7746482 -104.0450534,43.7710249 -104.0400386,43.7710089 -104.0400402,43.7719656 -104.0400406,43.772192 -104.0400447,43.7746323 -104.0400477,43.7782644 -104.0400508,43.7818972 -104.0350538,43.781879 -104.0350481,43.7782485 -104.0300445,43.7782376 -104.0250411,43.7782266 -104.0250677,43.7818513 -104.0202017,43.7818322 -104.0200053,43.7818314 -104.0178867,43.7818231 -104.0175657,43.7818218 -104.0152002,43.7818125 -104.0149428,43.7818115 -104.0149588,43.7781976 -104.0149747,43.7745837 -104.0199947,43.7745929 -104.0250146,43.7746018 -104.0249883,43.7709946 -104.024962,43.7673875 -104.0249755,43.7637459 -104.0199731,43.7637269 -104.0149706,43.7637078 -104.0099611,43.7636878 -104.0049515,43.7636676 -104.0049569,43.7600549 -104.009965,43.7600716 -104.0099683,43.7564588 -104.0099716,43.7528457 -104.0099818,43.7492192 -104.0049803,43.7492175 -103.9999848,43.7492009 -103.9999704,43.7528213 -103.9949729,43.7527943 -103.9949892,43.7491844 -103.9950054,43.7455744 -103.9950242,43.7419522 -103.9950429,43.7383299 -103.9950453,43.7368151 -103.9950453,43.7367853 -103.9950485,43.7347532 -103.9950543,43.7311331 -103.9950629,43.7275131 -103.9950715,43.723893 -103.9900826,43.7238953 -103.9850938,43.7238976 -103.980105,43.7239 -103.9751161,43.7239023 -103.9701241,43.7239021 -103.9651321,43.7239019 -103.9601401,43.7239017 -103.9598873,43.7239017 -103.9567989,43.7239016 -103.9556774,43.7239016 -103.9551481,43.7239015 -103.9551468,43.7232167 -103.955141,43.7202829 -103.9551339,43.7166644 -103.9551268,43.7130458 -103.9551198,43.7094273 -103.9551212,43.705809 -103.9551227,43.7021908 -103.9551242,43.6985726 -103.9551256,43.6949543 -103.960132,43.6949533 -103.9651385,43.6949523 -103.9701449,43.6949512 -103.9751513,43.6949502 -103.9751549,43.6913299 -103.9751584,43.6877095 -103.975162,43.6840891 -103.9751655,43.6804688 -103.970163,43.6804711 -103.9651605,43.6804733 -103.965165,43.6768527 -103.9651695,43.673232 -103.960169,43.6732332 -103.9551684,43.6732342 -103.9501813,43.6732378 -103.9501879,43.6696155 -103.9501944,43.6659931 -103.9452076,43.6659957 -103.9402208,43.6659983 -103.935234,43.6660009 -103.9308874,43.6659954 -103.9258902,43.6659885 -103.9208836,43.6659767 -103.915877,43.6659648 -103.9158672,43.6623398 -103.9108828,43.6623344 -103.9058984,43.6623287 -103.9009139,43.6623229 -103.900907,43.6587002 -103.9009,43.6550773 -103.900893,43.6514543 -103.9005179,43.651454 -103.9005235,43.6481293 -103.9005297,43.6445067 -103.9005356,43.6408819 -103.9055148,43.6408821 -103.9104944,43.6408821 -103.9104995,43.6372588 -103.9105035,43.633634 -103.9055261,43.633633 -103.9005488,43.633632 -103.8955715,43.6336308 -103.8955806,43.6300054 -103.9005562,43.6300068 -103.9005636,43.6263814 -103.9055375,43.6263826 -103.9055432,43.6227572 -103.900571,43.6227559 -103.8955988,43.6227545 -103.8956061,43.6191303 -103.8956134,43.6155061 -103.8956207,43.6118819 -103.8956279,43.6082577 -103.8956354,43.6046331 -103.8956429,43.6010085 -103.8956504,43.5973839 -103.8956579,43.5937592 -103.8956663,43.5901366 -103.8956747,43.586545 -103.8956747,43.5865139 -103.8956751,43.5863577 -103.8956832,43.5828913 -103.8956916,43.5792687 -103.8957001,43.5756475 -103.8957086,43.5720262 -103.8907224,43.5720202 -103.8857362,43.5720139 -103.8807501,43.5720074 -103.8757639,43.5720006 -103.8707904,43.5719992 -103.865817,43.5719977 -103.8608429,43.5719959 -103.8558688,43.5719939 -103.8558831,43.5683698 -103.8558973,43.5647457 -103.8509034,43.5647434 -103.8459094,43.5647411 -103.8409142,43.5647377 -103.835919,43.5647344 -103.8309247,43.5647325 -103.8309261,43.561112 -103.8259321,43.5611106 -103.8209361,43.5611092 -103.8159402,43.5611076 -103.8124213,43.5610979 -103.8077558,43.5610848 -103.807514,43.5610841 -103.8074293,43.5610839 -103.8074341,43.5619743 -103.8074369,43.5625054 -103.8074488,43.5647271 -103.8050043,43.5647282 -103.8046943,43.5647284 -103.8024351,43.5647294 -103.7974213,43.5647317 -103.7974148,43.5610576 -103.7974083,43.5574378 -103.7924159,43.5574308 -103.7874236,43.5574235 -103.7824314,43.5574161 -103.7774393,43.5574084 -103.7774551,43.5610306 -103.7774709,43.5646618 -103.7724809,43.564661 -103.7674908,43.5646602 -103.7625008,43.5646595 -103.7575108,43.5646587 -103.7566117,43.5646592 -103.7562926,43.5646594 -103.7525312,43.5646615 -103.7475517,43.5646643 -103.7425724,43.5646672 -103.737593,43.56467 -103.7326158,43.5646707 -103.7276386,43.5646714 -103.7242309,43.564669 -103.7226631,43.564668 -103.7176876,43.564665 -103.7127133,43.5646591 -103.7077391,43.5646532 -103.702763,43.5646484 -103.7001443,43.5646459 -103.6977869,43.5646448 -103.69777,43.5610226 -103.6977532,43.5574005 -103.697757,43.5537787 -103.6936122,43.553767 -103.6886497,43.5537527 -103.6836893,43.5537294 -103.6837473,43.5573524 -103.6787871,43.557335 -103.6788335,43.5609599 -103.6738604,43.5609145 -103.6739015,43.5645141 -103.6714013,43.5644986 -103.6689237,43.5644832 -103.6639539,43.564451 -103.6589841,43.5644188 -103.6540027,43.5643841 -103.6516959,43.5643681 -103.6514141,43.5643661 -103.6490213,43.5643495 -103.6470745,43.5643427 -103.6467983,43.5643416 -103.6463925,43.5643401 -103.6461231,43.564339 -103.6449797,43.5643346 -103.6449157,43.5643344 -103.6440448,43.564331 -103.6435787,43.5643292 -103.6390682,43.5643117 -103.634112,43.5642715 -103.6322172,43.5642562 -103.6291558,43.5642326 -103.6253553,43.5642055 -103.6244368,43.5641992 -103.6241706,43.5641973 -103.6191854,43.5641609 -103.6192045,43.5606606 -103.6192241,43.5570391 -103.6192416,43.5534165 -103.6192591,43.5497941 -103.619269,43.5461712 -103.619279,43.5425483 -103.619289,43.5389254 -103.619299,43.5353026 -103.6143438,43.5352805 -103.6093886,43.5352584 -103.6044335,43.5352363 -103.5994783,43.5352142 -103.5994929,43.5315874 -103.5995076,43.5279606 -103.5995222,43.5243338 -103.5995369,43.520707 -103.6044885,43.5207253 -103.6094401,43.5207436 -103.6143918,43.520762 -103.6193434,43.5207803 -103.6242887,43.5208129 -103.6292339,43.5208455 -103.6341791,43.5208781 -103.6391243,43.5209107 -103.6440526,43.5209339 -103.6489808,43.5209572 -103.6539091,43.5209804 -103.6588373,43.5210036 -103.6637821,43.5210475 -103.6687268,43.5210915 -103.6736716,43.5211354 -103.6786163,43.5211793 -103.6786014,43.5175641 -103.6785864,43.5139489 -103.6785715,43.5103337 -103.6785566,43.5067185 -103.6785405,43.5030926 -103.6785245,43.4994668 -103.6785084,43.495841 -103.6784923,43.4922152 -103.6735609,43.4921957 -103.6686294,43.4921762 -103.6636979,43.4921567 -103.6587665,43.4921373 -103.6587277,43.4885172 -103.658689,43.4848972 -103.6586502,43.4812771 -103.6586114,43.4776571 -103.6536572,43.477645 -103.648703,43.4776328 -103.6437488,43.4776207 -103.6387946,43.4776086 -103.6388105,43.4738763 -103.6388259,43.4702529 -103.6388408,43.4666268 -103.6388557,43.4630008 -103.6388492,43.459371 -103.6388427,43.4557412 -103.6388363,43.4521114 -103.6388298,43.4484816 -103.6338861,43.4484571 -103.6289423,43.4484326 -103.6239986,43.4484082 -103.6190548,43.4483837 -103.6141098,43.4483714 -103.6091648,43.4483592 -103.6042198,43.448347 -103.5992748,43.4483347 -103.5943374,43.4483173 -103.5893999,43.4482999 -103.5844625,43.4482824 -103.579525,43.448265 -103.5750985,43.4482604 -103.5701492,43.4482551 -103.5652198,43.4482474 -103.5602905,43.4482398 -103.5553599,43.4482455 -103.5504293,43.4482512 -103.5454987,43.4482569 -103.5405681,43.4482627 -103.540552,43.4446333 -103.540536,43.441004 -103.5405199,43.4373746 -103.5405039,43.4337453 -103.5404686,43.4300862 -103.5404334,43.4264272 -103.5403981,43.4227681 -103.5403629,43.4191091 -103.5452984,43.4191135 -103.5502339,43.4191179 -103.5551694,43.4191224 -103.5601049,43.4191268 -103.5650718,43.4191415 -103.5700388,43.4191561 -103.5750058,43.4191634 -103.5794538,43.4191692 -103.5843924,43.4191856 -103.5893311,43.419202 -103.5942697,43.4192184 -103.5992083,43.4192347 -103.6041506,43.4192632 -103.6090928,43.4192916 -103.6140351,43.41932 -103.6189773,43.4193485 -103.6239214,43.4193874 -103.6288655,43.4194262 -103.6338096,43.4194651 -103.6387536,43.419504 -103.6437042,43.4195341 -103.6486548,43.4195641 -103.6536054,43.4195941 -103.6585559,43.4196242 -103.6635097,43.4196582 -103.6684634,43.4196921 -103.6734171,43.4197261 -103.6783709,43.4197601 -103.678362,43.4161471 -103.6783531,43.4125342 -103.6783442,43.4089213 -103.6783353,43.4053084 -103.6832913,43.4053246 -103.6882473,43.4053409 -103.6932083,43.4053532 -103.6976736,43.4053639 -103.6976796,43.4017677 -103.6976856,43.3981716 -103.6976917,43.3945755 -103.6976977,43.3909793 -103.7026528,43.3909724 -103.7076079,43.3909656 -103.712563,43.3909587 -103.7175181,43.3909518 -103.7175159,43.3869866 -103.7175132,43.3833684 -103.7175166,43.3797528 -103.71752,43.3761372 -103.7175305,43.3725292 -103.717541,43.3689211 -103.7175514,43.3653131 -103.7175619,43.3617051 -103.717564,43.3580923 -103.7175661,43.3544795 -103.7175682,43.3508667 -103.7175703,43.347254 -103.717579,43.3436434 -103.7175878,43.3400328 -103.7175965,43.3364221 -103.7176053,43.3328115 -103.7176068,43.3320183 -103.7176072,43.3318294 -103.7176124,43.3292007 -103.7176195,43.3255898 -103.7176266,43.321979 -103.7176337,43.3183682 -103.7176388,43.3147509 -103.7225788,43.3147592 -103.7275188,43.3147672 -103.7324587,43.3147753 -103.7324686,43.3111574 -103.7324784,43.3075393 -103.7374215,43.3075466 -103.7374325,43.3040377 -103.7374329,43.3039284 -103.7373591,43.3039283 -103.7345197,43.3039233 -103.7324882,43.3039197 -103.7295756,43.3039146 -103.7275436,43.3039137 -103.7246316,43.3039086 -103.722599,43.3039051 -103.7196876,43.3039 -103.7176543,43.303899 -103.7147367,43.3038936 -103.7127083,43.3038898 -103.7097858,43.3038844 -103.7077623,43.3038834 -103.7048349,43.303878 -103.7028162,43.3038742 -103.6999576,43.3038688 -103.699884,43.3038687 -103.6978701,43.3038679 -103.6963319,43.3038676 -103.6934055,43.3038663 -103.6913797,43.3038657 -103.6884532,43.3038644 -103.6864331,43.3038623 -103.6864656,43.3002326 -103.6864981,43.2966104 -103.6815235,43.296611 -103.681505,43.3002295 -103.6814865,43.303857 -103.6785591,43.3038556 -103.6765153,43.3038534 -103.6736095,43.3038501 -103.671544,43.3038478 -103.6715664,43.3002323 -103.6715889,43.2966076 -103.6716114,43.2929786 -103.6716338,43.2893496 -103.6666507,43.289335 -103.6616676,43.2893204 -103.6617011,43.2856826 -103.6617347,43.2820448 -103.6617683,43.2784069 -103.6618019,43.2747691 -103.6568441,43.2747767 -103.6518863,43.2747843 -103.6469285,43.2747919 -103.6419708,43.2747995 -103.6370221,43.2748072 -103.6320735,43.2748149 -103.6271249,43.2748227 -103.6221763,43.2748304 -103.6221398,43.2784553 -103.6221333,43.2791008 -103.6222011,43.2791237 -103.6225807,43.2792363 -103.6228127,43.2793292 -103.6230468,43.279332 -103.623331,43.2792994 -103.623615,43.2792758 -103.6238362,43.2793055 -103.6240573,43.2793351 -103.6242775,43.2794098 -103.6246081,43.2795038 -103.6249638,43.2795802 -103.6253078,43.2796293 -103.6254924,43.2796405 -103.6260923,43.2798188 -103.626717,43.2799884 -103.6270733,43.2800463 -103.6271959,43.2800662 -103.6277117,43.2801444 -103.6285326,43.2803614 -103.6289974,43.28052 -103.6295571,43.2808419 -103.6298619,43.2809896 -103.630241,43.2811202 -103.630693,43.2812967 -103.6310202,43.2815438 -103.6312232,43.2818344 -103.6313515,43.2820633 -103.6314365,43.2822151 -103.6316196,43.2828476 -103.6318343,43.2831654 -103.6319401,43.2833918 -103.6319583,43.2836801 -103.6319868,43.2837695 -103.6320044,43.2838247 -103.6322326,43.2840886 -103.6324833,43.2844518 -103.6325754,43.2847411 -103.6326039,43.2851196 -103.6325191,43.2856048 -103.6325173,43.2856841 -103.6325137,43.2858467 -103.632508,43.2861 -103.6325775,43.2862989 -103.6327559,43.2865892 -103.6327508,43.2868142 -103.6325452,43.28719 -103.6323406,43.2875207 -103.6320228,43.2879491 -103.6319454,43.2880451 -103.6317566,43.2882791 -103.6314176,43.2885542 -103.6312665,43.2886965 -103.6311893,43.2888396 -103.631144,43.2892083 -103.6311243,43.2893101 -103.631083,43.2895228 -103.6310604,43.2896395 -103.6308271,43.29015 -103.6306828,43.2905355 -103.6306357,43.2909851 -103.6305812,43.2912186 -103.6305778,43.2913717 -103.6306119,43.2914981 -103.6307075,43.2916343 -103.6311832,43.2918561 -103.6318073,43.2920617 -103.6319229,43.2920894 -103.6323222,43.2921849 -103.6325184,43.2922323 -103.6331823,43.2923123 -103.6332188,43.2923307 -103.6339582,43.2923396 -103.6341926,43.2923333 -103.6344033,43.2922818 -103.6350492,43.2920644 -103.6353336,43.2920228 -103.6357894,43.2920372 -103.6361449,43.2921225 -103.6366827,43.292327 -103.6368689,43.2924116 -103.6371709,43.2925489 -103.637624,43.2926804 -103.6381521,43.2927677 -103.6386944,43.2927742 -103.6391245,43.2928333 -103.6393572,43.2928991 -103.63959,43.2929649 -103.6401654,43.2931429 -103.6405454,43.2932374 -103.6409147,43.2932598 -103.6415186,43.293267 -103.6418104,43.293289 -103.6420847,43.2933097 -103.6421563,43.2933208 -103.6425884,43.2933878 -103.6430314,43.29342 -103.6435739,43.2934175 -103.6443034,43.293318 -103.6449076,43.2933072 -103.645585,43.2933332 -103.6460774,43.2933661 -103.6465453,43.2933896 -103.6467711,43.2934337 -103.6468399,43.2934471 -103.6472304,43.2936228 -103.647852,43.2939453 -103.6481821,43.2940663 -103.6484403,43.2940964 -103.648723,43.2941357 -103.6489434,43.2942014 -103.6492221,43.2944208 -103.6496788,43.2949484 -103.6498195,43.2952743 -103.6498974,43.2956534 -103.6498549,43.295905 -103.6497141,43.2961375 -103.6495829,43.2964961 -103.6495463,43.2965373 -103.6494508,43.2966444 -103.6492416,43.2968793 -103.6488623,43.297307 -103.6486116,43.2974932 -103.6481373,43.2977577 -103.6479488,43.2979176 -103.6478331,43.2981323 -103.64774,43.2984374 -103.6476358,43.2986883 -103.6474076,43.2989737 -103.6471068,43.2991953 -103.6468571,43.2993364 -103.6467432,43.2993911 -103.6465456,43.2994858 -103.6455887,43.2998257 -103.6446345,43.3001249 -103.6446204,43.3001294 -103.6441579,43.300294 -103.6437878,43.3004257 -103.6433912,43.30052 -103.6430214,43.3005156 -103.6425419,43.3004559 -103.6421722,43.3004515 -103.6418545,43.3005138 -103.6418255,43.3005194 -103.6417779,43.3005388 -103.6414398,43.3006769 -103.6406181,43.3010364 -103.64017,43.3012292 -103.6395385,43.3013477 -103.6389958,43.3013593 -103.638664,43.3013103 -103.6383092,43.301189 -103.6373807,43.3008088 -103.6369281,43.3006503 -103.6369088,43.3006412 -103.6368346,43.300606 -103.6365377,43.3004656 -103.6363127,43.3004078 -103.6362803,43.3003995 -103.6355004,43.3001406 -103.6354359,43.3001192 -103.6347861,43.2999584 -103.6340367,43.2998414 -103.6339511,43.2998134 -103.6333728,43.2997614 -103.6325234,43.2997063 -103.6319683,43.2996674 -103.6318951,43.2996623 -103.6317479,43.299652 -103.6315279,43.2995683 -103.6311765,43.299294 -103.6308146,43.2989384 -103.6305605,43.2987283 -103.6302548,43.2986166 -103.6299107,43.2985674 -103.6295797,43.2984824 -103.6292134,43.298325 -103.628715,43.2980128 -103.6283398,43.2977022 -103.6280146,43.2973651 -103.6277283,43.2969385 -103.6276123,43.2968145 -103.6275236,43.2967199 -103.6272925,43.296582 -103.6272724,43.2965638 -103.6271113,43.2964178 -103.6270859,43.2963921 -103.6269667,43.296272 -103.6269564,43.296222 -103.6269333,43.2961095 -103.6268125,43.296 -103.6264964,43.2958071 -103.6263016,43.2956967 -103.6260683,43.2956579 -103.6258206,43.2957089 -103.6254856,43.2958039 -103.6252855,43.2959276 -103.6245875,43.2962704 -103.6245499,43.296297 -103.624425,43.2963675 -103.6242015,43.2964369 -103.6239417,43.2964788 -103.6235851,43.2964384 -103.6232795,43.2963267 -103.6230588,43.29627 -103.6227511,43.2962483 -103.6224321,43.2961814 -103.6220183,43.296109 -103.6220055,43.2961068 -103.6219901,43.2961041 -103.6217826,43.2960115 -103.6216238,43.2959466 -103.6214406,43.2958723 -103.6211822,43.2958512 -103.6207854,43.2959545 -103.6205233,43.2960954 -103.6203715,43.2962647 -103.6202165,43.296578 -103.6202156,43.2965833 -103.620174,43.2968206 -103.6202102,43.296857 -103.6203189,43.2969574 -103.6204391,43.2970939 -103.6205106,43.2972028 -103.6205807,43.2973748 -103.6206653,43.2974478 -103.6208952,43.2976397 -103.6209901,43.2978029 -103.6210477,43.2979837 -103.6214123,43.2982132 -103.6216913,43.2984147 -103.6219062,43.2987234 -103.622,43.2988889 -103.6220553,43.2989865 -103.6220603,43.2989954 -103.6221674,43.2991678 -103.6222866,43.2993493 -103.6224375,43.2997654 -103.6224659,43.3001439 -103.6224687,43.3002113 -103.6224818,43.3005313 -103.6224812,43.3005583 -103.622476,43.3006072 -103.6224498,43.3008551 -103.6223599,43.3010161 -103.6223589,43.3010611 -103.6223051,43.3012586 -103.622336,43.3015291 -103.6224533,43.3017916 -103.6225353,43.3019817 -103.6225297,43.3022338 -103.6225468,43.3025222 -103.6225891,43.3027844 -103.6226679,43.3030928 -103.6226619,43.3034781 -103.6225885,43.3038124 -103.6225481,43.3039965 -103.6223456,43.3043747 -103.6223076,43.3044193 -103.6221536,43.3046875 -103.6219725,43.3050636 -103.6218446,43.3052691 -103.6217562,43.3053581 -103.6213041,43.3057219 -103.6209303,43.3058974 -103.6207308,43.3059941 -103.6206401,43.3061911 -103.6205507,43.3063251 -103.6204431,43.30672 -103.6201131,43.3071392 -103.6197649,43.3074276 -103.6197487,43.307441 -103.619373,43.3076976 -103.619285,43.3077686 -103.6191512,43.3078632 -103.6190094,43.3079634 -103.6186144,43.3083851 -103.6185924,43.3084086 -103.6185396,43.308561 -103.6184264,43.3086587 -103.6182003,43.3088451 -103.6180491,43.3089873 -103.6179852,43.3090856 -103.6178447,43.3093 -103.617718,43.3094516 -103.6173539,43.3097353 -103.6170778,43.3099481 -103.6167769,43.3101696 -103.616291,43.3103888 -103.615769,43.3105716 -103.6154331,43.3107026 -103.6153711,43.3107199 -103.6153211,43.3107463 -103.6152688,43.3108807 -103.6151956,43.3110414 -103.615126,43.3111941 -103.6150784,43.3112378 -103.6148741,43.3114252 -103.6148236,43.3114786 -103.6146603,43.3116117 -103.6144094,43.3117978 -103.6142018,43.3119726 -103.6140826,43.312073 -103.6138202,43.3122229 -103.613683,43.3122933 -103.6136369,43.3123153 -103.6133713,43.3124426 -103.6131087,43.3126015 -103.6127196,43.3129029 -103.6124918,43.3131613 -103.6124544,43.3131788 -103.6120527,43.3134891 -103.6116009,43.3138348 -103.6110996,43.3141889 -103.6107861,43.3144193 -103.6106496,43.3144536 -103.6105506,43.3144704 -103.6100678,43.3145546 -103.6094888,43.3145296 -103.6092483,43.3145156 -103.6090947,43.3145068 -103.6089217,43.3145227 -103.6088106,43.3145649 -103.6086231,43.3146361 -103.6085738,43.3146524 -103.6083871,43.3147143 -103.6081775,43.3147117 -103.6077564,43.3146518 -103.6076832,43.3146413 -103.6076244,43.314633 -103.6069248,43.3144894 -103.606618,43.3144226 -103.6063973,43.3143659 -103.6058218,43.3141878 -103.6054428,43.3140481 -103.6051617,43.3139366 -103.6050037,43.3138356 -103.6049059,43.3137984 -103.604587,43.3137225 -103.6042911,43.313652 -103.6042682,43.3136466 -103.6041106,43.3136158 -103.6040226,43.3135986 -103.6037679,43.3134154 -103.6035481,43.3133226 -103.6033151,43.3132657 -103.6028961,43.3132516 -103.6025871,43.3132839 -103.6023397,43.3133169 -103.6020307,43.3133491 -103.6016726,43.3133718 -103.6014879,43.3133605 -103.601265,43.3134028 -103.6009033,43.3135785 -103.6003935,43.3137613 -103.5998597,43.3139169 -103.5995133,43.3139667 -103.5993749,43.3139751 -103.5993348,43.3139775 -103.5988959,43.3140041 -103.5982582,43.3138523 -103.5976465,43.3136377 -103.5973162,43.3135255 -103.5970596,43.3134233 -103.596804,43.3132761 -103.5965961,43.3132015 -103.5963255,43.3131712 -103.5961164,43.3131506 -103.595785,43.3130835 -103.5955395,43.3130355 -103.5952436,43.3130319 -103.5949112,43.3130098 -103.5946402,43.3129974 -103.594379,43.3129682 -103.5943696,43.3129671 -103.5940491,43.3129632 -103.5937405,43.3129774 -103.5933821,43.313009 -103.5931596,43.3130333 -103.5930481,43.3130589 -103.5928753,43.3130658 -103.5927395,43.3130731 -103.5925671,43.313062 -103.5924072,43.313042 -103.5921258,43.3129485 -103.5918335,43.3127918 -103.5915148,43.3127069 -103.5910606,43.3126203 -103.5907311,43.3124721 -103.5905725,43.3123981 -103.5903282,43.3122961 -103.5898549,43.3119661 -103.5895898,43.3117017 -103.5895026,43.3116248 -103.5894448,43.3115738 -103.5894226,43.3115515 -103.5893725,43.3115009 -103.5892281,43.311346 -103.5891918,43.3113186 -103.5891562,43.3112551 -103.5890808,43.3110179 -103.5890643,43.3109658 -103.5889339,43.3107391 -103.5888037,43.3105033 -103.5887678,43.3104579 -103.5886125,43.3102399 -103.5884671,43.31013 -103.5882488,43.3099742 -103.5879329,43.3097722 -103.5874954,43.3094967 -103.5871431,43.3092672 -103.5871189,43.3092489 -103.5868765,43.3090658 -103.5866456,43.3089189 -103.586561,43.3088458 -103.5862679,43.3087251 -103.585986,43.3086496 -103.5856904,43.3086369 -103.5855429,43.3086171 -103.5852109,43.308577 -103.5850513,43.308548 -103.584978,43.3085201 -103.5848073,43.3084369 -103.5847227,43.3083639 -103.5845643,43.3082809 -103.5844777,43.3082734 -103.5843182,43.3082598 -103.5841212,43.3082484 -103.5837769,43.3082081 -103.5836166,43.3082061 -103.5832339,43.3082284 -103.5827628,43.3083396 -103.5823295,43.3084153 -103.5820961,43.3083764 -103.5817996,43.3083997 -103.5815514,43.3084687 -103.5813034,43.3085286 -103.5811428,43.3085446 -103.5806756,43.3084848 -103.5800488,43.308396 -103.5796034,43.3082958 -103.5795827,43.3082912 -103.5795349,43.3082789 -103.5793254,43.3082251 -103.5791047,43.3081684 -103.5789451,43.3081395 -103.5788221,43.3081289 -103.5785987,43.3081891 -103.5783879,43.3082404 -103.5780919,43.3082457 -103.5776492,43.3081952 -103.577256,43.3081364 -103.5769012,43.308015 -103.5765335,43.3079204 -103.5763257,43.3078457 -103.5761535,43.3078256 -103.5757591,43.3078206 -103.5753402,43.3078063 -103.5750822,43.3077671 -103.5750452,43.3077666 -103.5748359,43.307755 -103.5746922,43.3077467 -103.5746389,43.3077436 -103.5745688,43.3077227 -103.5744185,43.3076778 -103.5742474,43.3076126 -103.574089,43.3075296 -103.5738931,43.3074732 -103.5736348,43.3074429 -103.573555,43.307421 -103.5734266,43.3073861 -103.5734257,43.3073858 -103.5732555,43.307321 -103.5731711,43.3072389 -103.5731235,43.3071662 -103.5729902,43.3070655 -103.5728812,43.3069831 -103.5726729,43.3069265 -103.5725996,43.3068986 -103.5723409,43.3068863 -103.5718487,43.3068442 -103.5712942,43.3068282 -103.5710239,43.3067888 -103.5706295,43.3067839 -103.5703827,43.3067898 -103.5700006,43.3067851 -103.5696043,43.3068036 -103.5695439,43.3068064 -103.5690991,43.3068458 -103.5687661,43.3068507 -103.5683226,43.3068361 -103.5678544,43.3068213 -103.5674734,43.3067715 -103.5670194,43.3066757 -103.5666511,43.3066081 -103.5661102,43.3065383 -103.5655456,43.3064321 -103.5651785,43.3063105 -103.5651059,43.3062876 -103.5647624,43.3061792 -103.5646531,43.3061311 -103.5645306,43.3060772 -103.5643484,43.3059579 -103.5641289,43.3058561 -103.5639081,43.3058083 -103.5636244,43.3058137 -103.5632659,43.3058543 -103.5632352,43.3058539 -103.5629577,43.3058504 -103.5626629,43.3058129 -103.5625644,43.3058004 -103.5620981,43.3057045 -103.5617071,43.3055555 -103.561403,43.3053806 -103.5612327,43.3052794 -103.5610251,43.3051958 -103.5606196,43.3051366 -103.5600057,43.3050299 -103.5597654,43.3050022 -103.559701,43.3049948 -103.5593909,43.3049591 -103.558836,43.3049611 -103.5585287,43.3049212 -103.5581356,43.3048622 -103.5577917,43.3048039 -103.5574247,43.3046822 -103.5570575,43.3045695 -103.5567135,43.3045201 -103.5563307,43.3045423 -103.5560844,43.3045302 -103.555876,43.3044826 -103.5555829,43.3043618 -103.5552393,43.3042944 -103.5549941,43.3042373 -103.5548851,43.3041549 -103.5548292,43.303911 -103.5548074,43.3038532 -103.5547736,43.3037635 -103.5547132,43.3036034 -103.5546099,43.3032779 -103.5545535,43.3030611 -103.5544249,43.3027623 -103.5542707,43.3025082 -103.5541402,43.3022905 -103.5540718,43.3020555 -103.5540396,43.301857 -103.5541325,43.301579 -103.5542659,43.3011485 -103.5543123,43.3007529 -103.5542835,43.3004103 -103.5541884,43.300146 -103.5541794,43.3001208 -103.5541157,43.2999934 -103.5540028,43.2997674 -103.553883,43.2994128 -103.5538531,43.2993243 -103.5538267,43.2992313 -103.5537591,43.2989926 -103.5537507,43.2989628 -103.5536094,43.2986819 -103.5534059,43.2984272 -103.5532387,43.2981999 -103.5530836,43.2979819 -103.5530513,43.2977834 -103.5531795,43.2975779 -103.5532324,43.2974255 -103.5532358,43.2972814 -103.5532297,43.2970202 -103.5533237,43.2966972 -103.5534499,43.2963776 -103.5535466,43.2961327 -103.5536255,43.2959266 -103.5536312,43.2956836 -103.5536995,43.2954053 -103.5537163,43.2952164 -103.5538079,43.2949924 -103.5538332,43.2949344 -103.5539252,43.2947238 -103.5540053,43.2944637 -103.5540476,43.2942391 -103.5540906,43.2939875 -103.554244,43.2937553 -103.5544331,43.2935776 -103.5546845,43.2933737 -103.554924,43.2931516 -103.5551407,43.2928482 -103.5552082,43.2927573 -103.5553063,43.2926251 -103.5553475,43.2924455 -103.5554744,43.2922941 -103.5557019,43.2920538 -103.5561031,43.2917707 -103.5565164,43.2914968 -103.5570677,43.2911165 -103.5576176,43.2907993 -103.5580298,43.2905704 -103.5584295,43.2903503 -103.55878,43.2900397 -103.5589205,43.2899152 -103.5592489,43.2895772 -103.5595407,43.2892297 -103.5596173,43.2891599 -103.5596465,43.2891333 -103.559843,43.2889543 -103.5601693,43.2887063 -103.5604491,43.2883406 -103.5608434,43.2878233 -103.560972,43.2875998 -103.5611013,43.2873403 -103.5612741,43.2868112 -103.5613338,43.2863707 -103.5612547,43.2860636 -103.5611264,43.2857558 -103.5609907,43.2855698 -103.5609599,43.2855276 -103.5608876,43.2854286 -103.5605745,43.2851185 -103.5603346,43.2848364 -103.5598666,43.2842992 -103.559501,43.2841235 -103.5589999,43.2839461 -103.5589508,43.2839367 -103.5587962,43.2839073 -103.5581901,43.2837918 -103.5572553,43.283708 -103.5564428,43.2836707 -103.5554084,43.2836307 -103.5547577,43.2835234 -103.5538499,43.2835031 -103.5538338,43.2835027 -103.5528864,43.2834367 -103.5523455,43.2833758 -103.5518151,43.2833961 -103.5509997,43.2834759 -103.5504325,43.2834867 -103.5499881,43.2835171 -103.5497049,43.2835045 -103.5489134,43.2836205 -103.5489033,43.2836225 -103.5480961,43.2837812 -103.547416,43.2838716 -103.5468953,43.2840001 -103.5458658,43.2842752 -103.5453319,43.2844395 -103.5449713,43.28457 -103.5446495,43.2846289 -103.5440565,43.2846844 -103.5439838,43.2846958 -103.5439598,43.2846995 -103.5435246,43.2847677 -103.5429295,43.2849132 -103.5424595,43.2849792 -103.5416673,43.2851222 -103.541013,43.2851679 -103.5406055,43.2851987 -103.5401483,43.2852469 -103.5396933,43.2852051 -103.5394237,43.2851386 -103.5391567,43.2849641 -103.5390219,43.2848334 -103.5388556,43.2846721 -103.538677,43.2844087 -103.5386314,43.284255 -103.5386545,43.2838051 -103.5387161,43.2832926 -103.5388034,43.2827354 -103.5388898,43.2822142 -103.5389621,43.2818855 -103.5390004,43.2817114 -103.5390192,43.2814415 -103.53899,43.2811169 -103.5388711,43.2809353 -103.5386794,43.2807078 -103.5383889,43.2804879 -103.5380962,43.2803581 -103.537839,43.2802918 -103.5373729,43.2801958 -103.5368092,43.2800625 -103.5359515,43.2798534 -103.5346013,43.2796291 -103.5340942,43.2795242 -103.5333014,43.2793603 -103.5322587,43.2791578 -103.5310792,43.2790076 -103.5303313,43.2788449 -103.5299513,43.278759 -103.5296451,43.278683 -103.5291936,43.2784971 -103.5290997,43.2784719 -103.5285936,43.2783363 -103.5281898,43.278214 -103.528178,43.27821 -103.5275909,43.2780082 -103.5270893,43.2778577 -103.5267469,43.2777452 -103.5261735,43.2775037 -103.5257082,43.2773807 -103.5254888,43.2772788 -103.525319,43.2771685 -103.5248787,43.2770278 -103.5244992,43.2769238 -103.5243294,43.2768759 -103.5241484,43.2768249 -103.5240008,43.2767833 -103.5239974,43.2767823 -103.5230894,43.2766175 -103.522205,43.276498 -103.5215153,43.2764801 -103.5206012,43.2765673 -103.5193768,43.2767496 -103.5193601,43.2767539 -103.5192615,43.2767792 -103.5178391,43.2771439 -103.5168339,43.277428 -103.5152335,43.2778665 -103.514404,43.2781108 -103.5143686,43.2781212 -103.5139278,43.278251 -103.5133591,43.2784185 -103.5113369,43.2789685 -103.5108518,43.2791513 -103.5103674,43.2793071 -103.5099306,43.2795265 -103.5093753,43.2798291 -103.5084942,43.2803092 -103.5071315,43.2811019 -103.5059931,43.2817894 -103.5057693,43.2818675 -103.5057667,43.2818689 -103.5054072,43.2820609 -103.5045538,43.2823588 -103.5043907,43.2824158 -103.5041143,43.2825122 -103.5035051,43.2827294 -103.5027288,43.2832235 -103.5017055,43.2837414 -103.5009188,43.2841543 -103.500631,43.2843306 -103.5004937,43.2844009 -103.500448,43.2844242 -103.5000399,43.28453 -103.4998237,43.2846127 -103.4994209,43.2848523 -103.4994016,43.2848638 -103.4991209,43.2850942 -103.4989319,43.2853259 -103.4988212,43.2854797 -103.4986591,43.285705 -103.4976613,43.2872768 -103.497178,43.2879458 -103.4968158,43.2883552 -103.4964164,43.2887462 -103.4960831,43.2890165 -103.4959637,43.2890918 -103.4958388,43.2891706 -103.4957826,43.2892061 -103.4954867,43.2893328 -103.495178,43.2894188 -103.4948843,43.2894554 -103.4946234,43.2894475 -103.494438,43.2894133 -103.4943872,43.2894039 -103.4936734,43.2892324 -103.4931273,43.2891848 -103.4930046,43.2891741 -103.4927683,43.2891349 -103.4926206,43.2890805 -103.4924897,43.2890322 -103.4920116,43.2887693 -103.4914518,43.2885413 -103.4908459,43.2883397 -103.489466,43.2879999 -103.4892808,43.2879543 -103.4867878,43.2872145 -103.4861582,43.2870666 -103.4859116,43.2870408 -103.4856118,43.2870459 -103.4852001,43.28709 -103.4847712,43.2871979 -103.4847071,43.287214 -103.4844881,43.2872877 -103.483562,43.2875995 -103.4826969,43.2879393 -103.4825097,43.2880628 -103.4823613,43.2882049 -103.4819332,43.2888161 -103.4817492,43.2890298 -103.4817125,43.2890601 -103.481562,43.2891849 -103.4814969,43.2892152 -103.4813741,43.2892724 -103.4804138,43.2893812 -103.4797972,43.2894274 -103.4795651,43.2894448 -103.4791372,43.2894768 -103.4769624,43.289601 -103.4748144,43.2896714 -103.4747981,43.2896726 -103.4746361,43.2896842 -103.4741761,43.289717 -103.4738413,43.2897665 -103.4734911,43.2898474 -103.4720171,43.2903185 -103.4716938,43.2903997 -103.4714511,43.2904325 -103.470807,43.2904329 -103.4701918,43.2903886 -103.4698827,43.290335 -103.4697949,43.2903079 -103.469707,43.2902808 -103.4693331,43.2901655 -103.4690952,43.2901263 -103.4686457,43.2901428 -103.4684774,43.2901271 -103.4677064,43.2899367 -103.4670485,43.2897207 -103.4665882,43.289521 -103.4664095,43.289397 -103.4661067,43.2891555 -103.4660681,43.2891247 -103.4659043,43.288994 -103.4657493,43.2889064 -103.4654102,43.2887578 -103.4648043,43.2885106 -103.4647797,43.2885005 -103.4641665,43.2882504 -103.4627103,43.2876825 -103.4607797,43.2869522 -103.4606576,43.286906 -103.4590056,43.286281 -103.4585113,43.2861167 -103.456867,43.2855292 -103.4567344,43.2854819 -103.4566516,43.2854523 -103.4557094,43.2851382 -103.4546105,43.2847719 -103.4529889,43.2842907 -103.4517091,43.2839673 -103.4511806,43.2838791 -103.4507564,43.2838301 -103.449547,43.2836903 -103.4486197,43.2835922 -103.4478626,43.2835279 -103.4476654,43.2835253 -103.4474439,43.2835448 -103.4468943,43.2836499 -103.4463186,43.2838131 -103.4460272,43.2839127 -103.4458998,43.2839778 -103.4458018,43.2840278 -103.4457868,43.2840355 -103.4454928,43.2842342 -103.4452399,43.2844558 -103.4450672,43.2846741 -103.444939,43.284929 -103.4448872,43.2851759 -103.444907,43.2854444 -103.4449101,43.285486 -103.4449141,43.285541 -103.4451198,43.2864803 -103.4457263,43.2890754 -103.4457346,43.2891107 -103.4458041,43.2894081 -103.4459019,43.2898265 -103.4463687,43.2918236 -103.4465809,43.2927075 -103.4465867,43.2927315 -103.446777,43.2932744 -103.4468336,43.2935048 -103.4468451,43.2936265 -103.4468319,43.2937524 -103.4467281,43.2940166 -103.4466169,43.2941772 -103.4462802,43.2944203 -103.4460935,43.2946113 -103.4459716,43.2947672 -103.4458816,43.2949731 -103.4458462,43.2951657 -103.4458056,43.2953863 -103.4457844,43.2954492 -103.4457298,43.2956104 -103.4456423,43.2957803 -103.4454567,43.2960164 -103.4452557,43.2962253 -103.4451077,43.296333 -103.4450673,43.2963623 -103.4449021,43.2964366 -103.4444828,43.2965615 -103.44431,43.2966312 -103.4440454,43.2967942 -103.4438171,43.2969847 -103.4436891,43.2971405 -103.4434945,43.2974305 -103.4429673,43.2983418 -103.4427385,43.2987034 -103.4425896,43.2988905 -103.4422149,43.2992906 -103.4419831,43.2995891 -103.4417187,43.2999483 -103.4416995,43.2999745 -103.441655,43.3000349 -103.4412547,43.3005337 -103.4410057,43.3007509 -103.4408346,43.3008688 -103.4408257,43.3008749 -103.4406982,43.3009628 -103.4404794,43.3010814 -103.4400596,43.3012469 -103.4392124,43.3016081 -103.4385394,43.3018365 -103.4380863,43.3019205 -103.4370807,43.3019976 -103.4359984,43.3020288 -103.4358862,43.3020268 -103.4358698,43.3020265 -103.4347646,43.3020074 -103.4342006,43.3019727 -103.4338827,43.3019323 -103.433436,43.3018316 -103.4328225,43.3015981 -103.4322647,43.3013219 -103.4314522,43.3008635 -103.4309541,43.3005614 -103.430934,43.3005491 -103.4299685,43.2999635 -103.4298954,43.2999191 -103.4298632,43.2998984 -103.4291738,43.2994545 -103.4285326,43.2989819 -103.427816,43.2983868 -103.4269344,43.2975867 -103.4262454,43.2969064 -103.4260268,43.2966665 -103.4260235,43.2966629 -103.4256572,43.2962608 -103.425643,43.2962453 -103.4250232,43.2954263 -103.4247788,43.2951348 -103.4241626,43.2945005 -103.4236049,43.29402 -103.4230864,43.2936617 -103.4225534,43.2933617 -103.4220703,43.2931524 -103.4215884,43.2930197 -103.4210696,43.2929103 -103.4199211,43.292668 -103.4196692,43.2926268 -103.4192007,43.29255 -103.4187379,43.2925121 -103.4175774,43.2924916 -103.4165736,43.2923696 -103.4161852,43.2923463 -103.4161103,43.2923483 -103.4159662,43.2923522 -103.4157482,43.2923807 -103.4152004,43.2925037 -103.4148227,43.2926157 -103.41433,43.2927618 -103.4135847,43.2930396 -103.4133448,43.2931984 -103.4130024,43.2935088 -103.4128978,43.2936514 -103.4127422,43.2939734 -103.4126321,43.2943276 -103.4125977,43.2947008 -103.4126442,43.2954579 -103.4127199,43.2959272 -103.4127959,43.2962285 -103.4129217,43.2967269 -103.4130727,43.2971432 -103.4131681,43.2973246 -103.4132979,43.29752 -103.4136458,43.2979165 -103.4139759,43.2982318 -103.4142581,43.2984608 -103.4146246,43.2987045 -103.4149795,43.298894 -103.4158703,43.2992485 -103.4161148,43.2993367 -103.4175637,43.299859 -103.4178881,43.2999759 -103.4185458,43.3002131 -103.4188652,43.300348 -103.4192263,43.3005376 -103.4210226,43.3015944 -103.4210666,43.3016202 -103.4216246,43.3019485 -103.4224282,43.3023377 -103.4226843,43.3024763 -103.4230264,43.3027107 -103.4237958,43.3032931 -103.4242297,43.3035602 -103.4243616,43.3036229 -103.4247092,43.3037882 -103.4248927,43.3038755 -103.4256421,43.3041875 -103.4257338,43.3042473 -103.4258984,43.3044071 -103.4259886,43.3044669 -103.4264848,43.3047348 -103.4267879,43.3048758 -103.4269836,43.3049668 -103.4271228,43.3050047 -103.4272949,43.3050251 -103.427714,43.3050309 -103.427925,43.3051238 -103.4282637,43.305169 -103.4284947,43.3052352 -103.4286923,43.30531 -103.4288393,43.3054065 -103.4290288,43.3056793 -103.4294766,43.3064238 -103.4295835,43.3066414 -103.4296497,43.3068539 -103.4296937,43.3071202 -103.4296963,43.3072278 -103.4297012,43.3074264 -103.4296582,43.3079886 -103.4296135,43.3081681 -103.4293809,43.3084621 -103.4287324,43.309106 -103.4285203,43.3093822 -103.428491,43.3095034 -103.4285217,43.309837 -103.4284854,43.3102867 -103.4282638,43.3107835 -103.4282342,43.3108291 -103.4280294,43.3111449 -103.4277447,43.3114562 -103.4273785,43.3118204 -103.4267658,43.3123671 -103.4263301,43.3127559 -103.425849,43.3130645 -103.4252583,43.3135246 -103.4241178,43.3144303 -103.423971,43.3145469 -103.4234768,43.3149723 -103.4231301,43.3152962 -103.4230076,43.3154701 -103.4227409,43.3159797 -103.4218153,43.3172436 -103.4217967,43.3172691 -103.4217486,43.3173348 -103.4213821,43.3178835 -103.4213207,43.3180004 -103.4213041,43.318032 -103.4211284,43.3183663 -103.4209264,43.3189623 -103.4208048,43.3194604 -103.4206841,43.3204312 -103.4204199,43.321256 -103.4203563,43.3215388 -103.4203617,43.321634 -103.4203891,43.3221155 -103.4203204,43.3223892 -103.4203285,43.3224929 -103.420577,43.322897 -103.4209132,43.3233069 -103.4211311,43.323526 -103.4213099,43.3236726 -103.4217527,43.3239688 -103.4217877,43.3239922 -103.4222033,43.3242702 -103.4225676,43.3246354 -103.4227354,43.3247638 -103.4230152,43.3249432 -103.4235428,43.3252401 -103.4236223,43.3252848 -103.4240334,43.325484 -103.4242401,43.3255364 -103.4245379,43.3255585 -103.4249016,43.325505 -103.4259142,43.3254829 -103.4263056,43.3254613 -103.4266677,43.3254077 -103.4267366,43.3253909 -103.4270688,43.3253097 -103.4272731,43.3252495 -103.4273008,43.3252386 -103.427752,43.3250624 -103.4281281,43.3249731 -103.428443,43.3249279 -103.4287139,43.3249136 -103.4289844,43.3249173 -103.4292781,43.3249483 -103.4297214,43.3250039 -103.42996,43.3250477 -103.4301793,43.3251228 -103.4304168,43.3252374 -103.430429,43.3252433 -103.4306692,43.3254042 -103.4308531,43.3255688 -103.4310212,43.3257737 -103.4311728,43.3260234 -103.4311958,43.3260867 -103.4311396,43.3262661 -103.431147,43.326937 -103.4311277,43.3272069 -103.4310326,43.3275748 -103.4308631,43.3279912 -103.4305651,43.3285454 -103.4303538,43.3288406 -103.4302109,43.3290403 -103.429788,43.3295072 -103.4293086,43.3299194 -103.4288024,43.3302681 -103.4285858,43.3303867 -103.428358,43.3304916 -103.4280884,43.3305735 -103.4273445,43.3307208 -103.4270001,43.3308331 -103.4268045,43.330916 -103.4267271,43.3309707 -103.4266294,43.3310397 -103.4261865,43.3315333 -103.4255154,43.3323525 -103.4254436,43.3324464 -103.4253913,43.3325148 -103.4244654,43.3337248 -103.4243414,43.3339257 -103.4242656,43.3341137 -103.4242144,43.3343652 -103.4241953,43.334599 -103.4242085,43.3348333 -103.4242556,43.3350096 -103.424339,43.3351818 -103.4245205,43.3354365 -103.4247284,43.3356869 -103.4249456,43.3359015 -103.425028,43.3359657 -103.42513,43.3360166 -103.4252468,43.3360532 -103.4255021,43.336133 -103.4255216,43.3361391 -103.4258348,43.3361884 -103.4260826,43.3361783 -103.4263429,43.3361279 -103.4265917,43.3360529 -103.4266675,43.33603 -103.4266856,43.3360245 -103.4267127,43.3360143 -103.4269051,43.335942 -103.4273077,43.3357584 -103.4275293,43.3356849 -103.427721,43.3356651 -103.4281465,43.3356709 -103.4283908,43.3356428 -103.4286993,43.3355795 -103.4297753,43.3353196 -103.4302632,43.3352632 -103.4315938,43.3352095 -103.4316603,43.3352088 -103.4323834,43.3352023 -103.4325515,43.3352316 -103.4330637,43.3353692 -103.4333509,43.3354721 -103.4335084,43.3355553 -103.4338678,43.3358799 -103.4340029,43.3360509 -103.4340477,43.3361075 -103.4340657,43.3361303 -103.4342174,43.336434 -103.4342881,43.3367727 -103.4342681,43.3372226 -103.4342061,43.3375639 -103.4341502,43.3376983 -103.4339693,43.3378984 -103.4339098,43.3379921 -103.4338301,43.3383332 -103.4336992,43.3385655 -103.4336779,43.3387363 -103.433713,43.3388404 -103.4339492,43.3390102 -103.4343396,43.3392091 -103.4348471,43.3394412 -103.4354183,43.3396601 -103.4356144,43.3397353 -103.435732,43.3397505 -103.4361235,43.3396973 -103.4362922,43.3397041 -103.4365825,43.3397915 -103.4366464,43.3398108 -103.4369341,43.3398974 -103.4373621,43.3400744 -103.4377021,43.3402546 -103.4380982,43.3405031 -103.4384392,43.3407644 -103.4386007,43.3409332 -103.4386594,43.3410466 -103.4387052,43.3413084 -103.4387144,43.3415786 -103.4386951,43.3419115 -103.438665,43.3421813 -103.438611,43.3423921 -103.4384605,43.3427908 -103.4382434,43.3432704 -103.4381343,43.3435112 -103.437897,43.344467 -103.4373671,43.346004 -103.4371743,43.3468798 -103.4371643,43.3469253 -103.4371131,43.3471577 -103.4370564,43.3472965 -103.4368508,43.3476449 -103.4367665,43.3478328 -103.4366741,43.3481165 -103.4366527,43.3481824 -103.4366036,43.3484699 -103.4366035,43.3488661 -103.4365435,43.3491487 -103.4365052,43.3493285 -103.436204,43.3499772 -103.4359267,43.3504842 -103.4359064,43.3505212 -103.4358642,43.3505984 -103.4355231,43.351116 -103.4350626,43.3516905 -103.4346067,43.3522066 -103.4340757,43.3527036 -103.4338088,43.352916 -103.4335078,43.3531055 -103.433284,43.3532285 -103.4330878,43.3533024 -103.432756,43.3533383 -103.4320556,43.3533152 -103.4317368,43.3533289 -103.4317177,43.3533322 -103.4315979,43.3533528 -103.4314223,43.3533831 -103.4311338,43.3534467 -103.4308556,43.3535284 -103.4305955,43.3536239 -103.4304467,43.3537119 -103.4303054,43.3538405 -103.4300936,43.3540672 -103.4300642,43.3541033 -103.4300065,43.354174 -103.4297121,43.3545347 -103.4295822,43.354641 -103.4293626,43.3547821 -103.4289607,43.3549927 -103.4284106,43.3552417 -103.4278698,43.3553694 -103.4274424,43.3555526 -103.4271653,43.3556208 -103.4266578,43.3557148 -103.4263501,43.3557717 -103.4253054,43.3559104 -103.4248154,43.3559487 -103.4244979,43.3559128 -103.4242217,43.3559135 -103.424047,43.3559291 -103.4239053,43.3559542 -103.4236708,43.3560455 -103.4234081,43.3561814 -103.4230347,43.3564239 -103.422812,43.3565964 -103.4226583,43.3567834 -103.4225395,43.3570519 -103.4224267,43.3575366 -103.422449,43.357717 -103.4224561,43.3577363 -103.4225073,43.3578754 -103.4225849,43.358007 -103.4226254,43.3580526 -103.4227676,43.3581311 -103.4228026,43.3581766 -103.4228433,43.3583348 -103.4228895,43.3587226 -103.4229477,43.35889 -103.4229922,43.3589266 -103.4232063,43.3589971 -103.423321,43.3590662 -103.4234556,43.3591716 -103.4237311,43.3594321 -103.4237957,43.3595275 -103.4238236,43.3596134 -103.4238326,43.3599197 -103.4238181,43.3602122 -103.4238516,43.3604063 -103.4241995,43.3613554 -103.4242252,43.3614257 -103.4242795,43.3615737 -103.4242583,43.3617355 -103.424124,43.3620984 -103.4240154,43.3628353 -103.4239537,43.363046 -103.4238811,43.3631981 -103.4235693,43.36359 -103.4234858,43.3637194 -103.423313,43.3642258 -103.4230498,43.3645283 -103.42292,43.3648372 -103.4228779,43.3649541 -103.4228393,43.3650613 -103.4226298,43.3656436 -103.4224459,43.3660148 -103.422242,43.3662641 -103.4219812,43.3665036 -103.4218296,43.3665919 -103.4216862,43.3666752 -103.4216335,43.3667059 -103.4213686,43.3668058 -103.4209781,43.3668455 -103.4205825,43.36684 -103.4202912,43.3667415 -103.4195754,43.3667091 -103.4194563,43.3666939 -103.4193937,43.366666 -103.4192688,43.3666058 -103.4190016,43.3665571 -103.4188733,43.3665103 -103.4184683,43.3663021 -103.4179866,43.3660208 -103.4177974,43.3658516 -103.4175933,43.3655426 -103.4174401,43.3653829 -103.4170974,43.3650759 -103.4170775,43.3650582 -103.4169577,43.3649717 -103.4168757,43.3649125 -103.4167467,43.3648195 -103.4167309,43.3648141 -103.4166106,43.3647726 -103.4164385,43.3647477 -103.415917,43.3647495 -103.4157288,43.3647199 -103.4154536,43.3645945 -103.4151657,43.3643969 -103.4149497,43.3643084 -103.4147415,43.3642469 -103.4144032,43.3642062 -103.4139576,43.3642271 -103.4130102,43.3643535 -103.4128318,43.3644186 -103.4117771,43.3643172 -103.4116824,43.3643081 -103.4111128,43.3642912 -103.410921,43.364311 -103.4105261,43.3644271 -103.4103852,43.3644476 -103.4101663,43.3644131 -103.4096458,43.3644374 -103.4094507,43.3644347 -103.4093579,43.3644154 -103.4091357,43.3643267 -103.4090438,43.3643029 -103.4085188,43.3642911 -103.4081703,43.3643178 -103.4079176,43.3643638 -103.4078207,43.364412 -103.4077332,43.3644828 -103.4075563,43.3646424 -103.4074204,43.3647936 -103.4071667,43.3649387 -103.4069743,43.3650086 -103.4069342,43.3650231 -103.4068272,43.3650355 -103.4067072,43.3650493 -103.406687,43.3650634 -103.4065807,43.3651376 -103.4063102,43.3651563 -103.4060778,43.3652251 -103.4059343,43.3653447 -103.4056204,43.365696 -103.4054498,43.3658467 -103.4049086,43.3661318 -103.4045783,43.3663749 -103.4043029,43.3664926 -103.4038072,43.3666567 -103.4033202,43.366785 -103.4028311,43.3668457 -103.4021655,43.3668725 -103.4019677,43.3668896 -103.4018972,43.3668957 -103.4018756,43.3669002 -103.4014443,43.3669885 -103.4011532,43.3670879 -103.4003591,43.3675721 -103.3999663,43.3677242 -103.3993392,43.3680756 -103.3991075,43.3681759 -103.3989554,43.3682998 -103.3988616,43.3684021 -103.3987425,43.368621 -103.398729,43.3686534 -103.3986346,43.3688807 -103.3985642,43.3690913 -103.3985344,43.369289 -103.3985296,43.3697031 -103.3985557,43.3700592 -103.3986433,43.3702495 -103.3990007,43.3707092 -103.3991225,43.370918 -103.3991218,43.3710036 -103.3990353,43.3711825 -103.39901,43.3713802 -103.3990346,43.3715021 -103.3991214,43.3716924 -103.3992743,43.3719197 -103.3995298,43.3721168 -103.3996332,43.372267 -103.3998271,43.3725487 -103.4003913,43.3731824 -103.4008606,43.3736707 -103.4014332,43.374192 -103.4016646,43.3744249 -103.4017697,43.3745659 -103.4018445,43.3746908 -103.4019382,43.3748474 -103.4019832,43.3748804 -103.402107,43.3749713 -103.4021426,43.3750259 -103.4021666,43.3750532 -103.4022271,43.3750991 -103.4023953,43.3752725 -103.4026234,43.3755188 -103.4027076,43.375601 -103.4029008,43.3757658 -103.4030431,43.375868 -103.4031895,43.3759731 -103.4033611,43.3760964 -103.40364,43.3762894 -103.4041988,43.3766304 -103.4044665,43.3767782 -103.4049782,43.3770374 -103.4055263,43.3773152 -103.4058071,43.3774362 -103.4063678,43.3777051 -103.4067768,43.3779037 -103.4069407,43.3779833 -103.407576,43.3782352 -103.4081494,43.3784953 -103.4087839,43.3787743 -103.4092351,43.3789877 -103.4096117,43.379218 -103.4099276,43.3794115 -103.4099862,43.3794559 -103.4101051,43.379546 -103.4102666,43.3796684 -103.410544,43.3799153 -103.4107353,43.3801521 -103.4108286,43.3803605 -103.4109208,43.3806139 -103.4109647,43.3808216 -103.4109584,43.3810647 -103.4109278,43.3812894 -103.4108595,43.3815406 -103.4107537,43.3818092 -103.4105995,43.3820412 -103.4103435,43.3823888 -103.4099495,43.3828246 -103.4097223,43.3830733 -103.4096571,43.3831447 -103.4096513,43.3831493 -103.4092663,43.3834544 -103.408913,43.3837467 -103.4082854,43.3841431 -103.4079083,43.384399 -103.4075944,43.3846018 -103.4072569,43.3847591 -103.4069214,43.3848843 -103.4069079,43.3848894 -103.4067371,43.3849453 -103.4064596,43.3850362 -103.4058748,43.3852081 -103.4056503,43.3852951 -103.4055362,43.3854105 -103.4055189,43.3855994 -103.4056495,43.3857993 -103.4057924,43.3859994 -103.4059087,43.3862712 -103.4059139,43.3865414 -103.4058713,43.3866956 -103.4058516,43.3867668 -103.4058321,43.3868374 -103.4057889,43.3870709 -103.4057327,43.3873312 -103.4056646,43.3875734 -103.4056293,43.3877775 -103.4056393,43.3880683 -103.405646,43.3882845 -103.4057139,43.3885196 -103.4058284,43.3888462 -103.4059293,43.3892351 -103.4060093,43.3895419 -103.4060609,43.3898682 -103.4060786,43.3900778 -103.4060498,43.3901962 -103.4060037,43.3903139 -103.4059827,43.3903678 -103.4058827,43.390557 -103.4057016,43.3908696 -103.4055714,43.391129 -103.4053656,43.3914413 -103.4051995,43.391655 -103.4050828,43.3918695 -103.4049781,43.3920932 -103.4049124,43.3922454 -103.4048678,43.3925329 -103.4048994,43.3927404 -103.4049571,43.3928943 -103.4050404,43.3930125 -103.4051726,43.3931494 -103.4053537,43.393305 -103.4055482,43.3934248 -103.4057905,43.3935993 -103.4059716,43.3937549 -103.4060826,43.3939089 -103.4061027,43.3939368 -103.4061455,43.3941895 -103.4061277,43.3943964 -103.4060859,43.3945759 -103.405982,43.3947725 -103.4058429,43.3948967 -103.4057057,43.3949488 -103.405569,43.3949829 -103.4054339,43.394954 -103.4052865,43.3949249 -103.4051154,43.3948595 -103.4048711,43.3947571 -103.4046395,43.3946458 -103.4044562,43.3945712 -103.4043826,43.3945521 -103.4042965,43.3945419 -103.4041239,43.3945305 -103.4039741,43.3945915 -103.4037612,43.3947056 -103.4036862,43.3947405 -103.4035856,43.3948112 -103.4033846,43.3949434 -103.4032462,43.3950406 -103.403072,43.3950921 -103.4028731,43.3951434 -103.4025628,43.3952021 -103.4022158,43.3952513 -103.4019423,43.3952956 -103.4018066,43.3953176 -103.4017703,43.3953252 -103.4014838,43.3953851 -103.4011593,43.3955157 -103.4009587,43.3956299 -103.4008443,43.3957544 -103.4007907,43.3959157 -103.4007988,43.3960779 -103.4008318,43.3962315 -103.4009134,43.3964127 -103.4010559,43.3966308 -103.4012588,43.3968948 -103.4015473,43.397196 -103.4017717,43.3974448 -103.40183,43.3975093 -103.4018352,43.3975151 -103.4019452,43.3975945 -103.4020897,43.3976988 -103.4023931,43.3979011 -103.4029025,43.3982504 -103.4030969,43.3983702 -103.4032299,43.3984801 -103.4034839,43.3986817 -103.4038096,43.3989744 -103.4041609,43.3992315 -103.4045488,43.399507 -103.4048634,43.3997545 -103.4051193,43.3998842 -103.405242,43.3999129 -103.405426,43.3999605 -103.4057448,43.400046 -103.4059782,43.4000942 -103.4062987,43.4001167 -103.4064717,43.4001101 -103.4065823,43.4001296 -103.406718,43.4001699 -103.4067416,43.4001769 -103.4068886,43.400224 -103.4071205,43.4003262 -103.4074251,43.4004836 -103.4078389,43.4007144 -103.408082,43.4008619 -103.4082769,43.4009636 -103.4085706,43.4010668 -103.4086654,43.4010939 -103.4089015,43.4011614 -103.4091959,43.4012376 -103.4097224,43.401407 -103.4101742,43.4016023 -103.4104423,43.4017411 -103.4106754,43.4017984 -103.4108841,43.4018463 -103.41113,43.4018858 -103.4113012,43.4019512 -103.4114472,43.4020342 -103.4115804,43.4021351 -103.4116521,43.4022262 -103.411666,43.4022549 -103.4117224,43.4023712 -103.4118053,43.4025074 -103.4119124,43.402662 -103.4120304,43.4028708 -103.4121119,43.403061 -103.4122183,43.4032426 -103.4123361,43.4034603 -103.4124688,43.4035792 -103.4125548,43.4035984 -103.4127756,43.4036555 -103.412985,43.4036764 -103.4131203,43.4036963 -103.4132815,43.4036715 -103.4133562,43.4036455 -103.4137921,43.4035075 -103.4143281,43.4033168 -103.4147271,43.4031693 -103.4150884,43.4030482 -103.4155859,43.402911 -103.4161084,43.4027652 -103.4166165,43.4026554 -103.4166175,43.4026552 -103.4168293,43.4025861 -103.4170408,43.402526 -103.4171654,43.4024827 -103.4172786,43.4024032 -103.4174302,43.4022702 -103.4175689,43.4021641 -103.4176702,43.4020664 -103.4178095,43.4019333 -103.4179858,43.4018007 -103.4181987,43.4016866 -103.4184368,43.4015548 -103.4186483,43.4014947 -103.4188213,43.4014881 -103.4190561,43.4014823 -103.4192541,43.401467 -103.419453,43.4014157 -103.4196268,43.4013821 -103.4198001,43.4013665 -103.4199361,43.4013594 -103.4201462,43.4013533 -103.4202577,43.4013368 -103.4203451,43.401302 -103.420445,43.4012583 -103.4204953,43.401223 -103.4206069,43.4012066 -103.4207182,43.4011991 -103.4208661,43.4012101 -103.4210501,43.4012577 -103.4212455,43.4013414 -103.4214654,43.4014345 -103.4215676,43.4014941 -103.4216235,43.4015267 -103.42164,43.4015352 -103.4219281,43.401684 -103.422097,43.4018394 -103.4222295,43.4019673 -103.4223874,43.4020685 -103.4224484,43.4020964 -103.4225707,43.4021431 -103.4226448,43.4021441 -103.4227934,43.4021282 -103.4230656,43.4021049 -103.4232755,43.4021078 -103.4235466,43.4021295 -103.4238172,43.4021693 -103.424444,43.402286 -103.4249469,43.402419 -103.425289,43.4025587 -103.4255934,43.402725 -103.4257744,43.4028896 -103.425943,43.403054 -103.4261359,43.4032367 -103.4263166,43.4034103 -103.4264612,43.4035474 -103.4265158,43.4036223 -103.4265209,43.4036292 -103.4265817,43.4036661 -103.4267883,43.403795 -103.4272408,43.4039633 -103.4274246,43.4040199 -103.4277199,43.4040599 -103.4277814,43.4040698 -103.427979,43.4040725 -103.428214,43.4040577 -103.4283998,43.4040333 -103.4286733,43.403965 -103.4290958,43.4038627 -103.4296814,43.4036637 -103.4301055,43.4034984 -103.4307908,43.4032647 -103.4314392,43.4030214 -103.4314689,43.4030079 -103.4317266,43.4028903 -103.4318778,43.4027753 -103.4319672,43.4026595 -103.4320441,43.4025525 -103.4321468,43.4024008 -103.4322753,43.4022045 -103.4324276,43.4020445 -103.4325427,43.401893 -103.4327586,43.4016618 -103.4329488,43.4014663 -103.4332537,43.4011373 -103.4333422,43.4010727 -103.4335683,43.4009075 -103.4336815,43.400828 -103.4338068,43.4007577 -103.4339317,43.4007054 -103.434132,43.4006 -103.4344562,43.4004784 -103.4348297,43.4003575 -103.4351651,43.400281 -103.4354758,43.4002042 -103.4357972,43.4001906 -103.4359689,43.400238 -103.4362253,43.4003495 -103.4362731,43.4004132 -103.436356,43.4005494 -103.4364012,43.4007121 -103.4364318,43.4008824 -103.4364336,43.4008927 -103.4364512,43.4010708 -103.4364532,43.401091 -103.4364733,43.4012714 -103.4365287,43.4015153 -103.4365954,43.4018043 -103.4367356,43.4021124 -103.4369024,43.4023488 -103.4369735,43.4024668 -103.437032,43.4025937 -103.4370774,43.4027474 -103.4371722,43.4029018 -103.4373041,43.4030566 -103.4374229,43.4032384 -103.4374565,43.4033739 -103.4374404,43.4035177 -103.4373999,43.4036523 -103.437334,43.4038134 -103.4372684,43.4039656 -103.4371652,43.4041353 -103.4370506,43.4042688 -103.4368988,43.4044108 -103.4368782,43.4044262 -103.4367099,43.4045523 -103.4365409,43.4046775 -103.4364833,43.4047203 -103.4364115,43.4047676 -103.4362823,43.4048526 -103.4360696,43.4049578 -103.4358195,43.4050804 -103.4354829,43.4052019 -103.4352332,43.4053065 -103.4349088,43.4054371 -103.4345967,43.4055679 -103.4342587,43.4057434 -103.4339571,43.4059464 -103.4337556,43.4060967 -103.433652,43.4062844 -103.4336972,43.4064471 -103.4337803,43.4065743 -103.4339008,43.406693 -103.4340596,43.4067582 -103.4342923,43.4068334 -103.4345129,43.4068995 -103.4347829,43.4069662 -103.4350531,43.4070239 -103.4354466,43.4070923 -103.4358279,43.4071516 -103.4359269,43.4071439 -103.4360993,43.4071643 -103.4363583,43.4071768 -103.4364111,43.4071776 -103.4367286,43.4071819 -103.4372467,43.407207 -103.4375674,43.4072204 -103.4377904,43.4071964 -103.4380128,43.4071904 -103.4381735,43.4071836 -103.4383585,43.4071952 -103.4385437,43.4071977 -103.4387901,43.4072191 -103.4391593,43.4072691 -103.439639,43.4073477 -103.4399576,43.4074421 -103.440411,43.4075833 -103.4409863,43.4077803 -103.4413608,43.4079444 -103.4413816,43.4079534 -103.4413894,43.4079568 -103.441767,43.4081601 -103.4420432,43.4083026 -103.4420717,43.4083173 -103.4424948,43.4086743 -103.4428445,43.4090032 -103.4429878,43.4091942 -103.4431531,43.4094936 -103.4432463,43.409711 -103.4432191,43.4098097 -103.4431802,43.4098812 -103.4431024,43.4100242 -103.4429734,43.4102386 -103.4428446,43.4104439 -103.4426779,43.4106848 -103.4425871,43.4108546 -103.4424839,43.4110243 -103.4424299,43.4112037 -103.4424262,43.4113477 -103.4424479,43.4114651 -103.4425069,43.4115739 -103.4426283,43.4116566 -103.4427995,43.411722 -103.4429344,43.4117598 -103.4431317,43.4117715 -103.4435135,43.4118127 -103.4437731,43.4118072 -103.4439839,43.4117741 -103.4442203,43.4117053 -103.44447,43.4116006 -103.4447565,43.4115055 -103.4450176,43.411437 -103.4452648,43.4114313 -103.4454744,43.4114432 -103.4458064,43.4115017 -103.4461249,43.4116051 -103.4463125,43.4117234 -103.4466354,43.4119272 -103.4466468,43.4119375 -103.4468768,43.4121466 -103.4471056,43.4123748 -103.4472373,43.4125387 -103.4474053,43.41273 -103.4476549,43.4131116 -103.4478348,43.4133212 -103.447943,43.4134397 -103.4481636,43.4135057 -103.4484455,43.4135906 -103.4488984,43.4137498 -103.4491435,43.4138252 -103.4492773,43.413908 -103.449494,43.4141271 -103.4496742,43.4143276 -103.4498319,43.4144378 -103.4499785,43.4145028 -103.4501381,43.414541 -103.4503105,43.4145613 -103.4504835,43.4145547 -103.4507069,43.4145127 -103.4510047,43.4144627 -103.4512709,43.414441 -103.4512893,43.4144395 -103.4514867,43.4144512 -103.4516588,43.4144805 -103.4518918,43.4145467 -103.4519412,43.4145474 -103.4522245,43.4145782 -103.4525069,43.4146451 -103.4526788,43.4146834 -103.4531224,43.4147254 -103.4534665,43.4147931 -103.4539197,43.4149433 -103.4543226,43.4151289 -103.4547737,43.4153601 -103.455201,43.415593 -103.4554681,43.4157386 -103.4557962,43.4159502 -103.4560516,43.4161067 -103.4562087,43.4162439 -103.4562375,43.4162911 -103.4562917,43.4163801 -103.4563628,43.4164981 -103.4563694,43.4165228 -103.4564305,43.4167511 -103.4565464,43.4170585 -103.4565675,43.417194 -103.4566726,43.4174296 -103.4567293,43.4176286 -103.4568808,43.417964 -103.4570087,43.418254 -103.4571264,43.4184806 -103.4572347,43.4186169 -103.4573804,43.4187714 -103.4575644,43.4189082 -103.4577368,43.4190269 -103.4578974,43.4191183 -103.4581603,43.4192452 -103.4581826,43.4192559 -103.4582198,43.419275 -103.4585092,43.4194197 -103.4588165,43.4195369 -103.4590561,43.4196192 -103.4593818,43.4196938 -103.4596941,43.4197596 -103.4600037,43.4198799 -103.4603511,43.4199109 -103.4606489,43.4198966 -103.4608231,43.4198539 -103.4609732,43.4197838 -103.4611472,43.4197412 -103.461246,43.4197425 -103.4613461,43.4196898 -103.4614093,43.4196366 -103.4614163,43.4196287 -103.4614368,43.4196058 -103.4614728,43.4195654 -103.4614513,43.4194391 -103.4617085,43.4192584 -103.4617119,43.4192584 -103.4663506,43.4191978 -103.4712841,43.4191334 -103.4762177,43.419069 -103.4811512,43.4190046 -103.4860575,43.4190136 -103.4909638,43.4190226 -103.49587,43.4190315 -103.5007763,43.4190405 -103.5008056,43.4226997 -103.5008348,43.4263589 -103.5008641,43.4300181 -103.5008933,43.4336773 -103.5009113,43.4373032 -103.5009294,43.4409291 -103.5009339,43.4445512 -103.5009383,43.4481733 -103.500958,43.4518121 -103.5009777,43.4554509 -103.5009974,43.4590897 -103.5010171,43.4627286 -103.5009807,43.4663566 -103.5009443,43.4699847 -103.4959669,43.4699909 -103.4959402,43.4736167 -103.4959121,43.4774202 -103.4909674,43.4774255 -103.4909583,43.4810697 -103.4860094,43.4810773 -103.4859963,43.4847237 -103.485983,43.4883699 -103.4810258,43.4883819 -103.4810085,43.4920305 -103.4859698,43.492016 -103.4859506,43.4956405 -103.4809815,43.4956564 -103.4809545,43.4992823 -103.4809275,43.5029081 -103.4809005,43.506534 -103.4858927,43.5065134 -103.485861,43.5101466 -103.490865,43.5101218 -103.4908453,43.5137508 -103.4958723,43.5137217 -103.4958699,43.5173215 -103.4958699,43.5173261 -103.4958699,43.5173441 -103.4958699,43.5173488 -103.5009143,43.5173126 -103.5009294,43.5209329 -103.5058751,43.5208886 -103.5108207,43.5208443 -103.5157831,43.5208535 -103.5207455,43.5208627 -103.5207374,43.5244976 -103.5207293,43.5281324 -103.5207109,43.5317745 -103.5206926,43.5354166 -103.5206872,43.5390808 -103.5206817,43.5427451 -103.5157191,43.5463751 -103.5107481,43.5500104 -103.5057283,43.5536606 -103.5007091,43.5573096 -103.500712,43.5607966 -103.5007149,43.5642056 -103.5007125,43.5678425 -103.50071,43.5714793 -103.5007177,43.5751144 -103.5007254,43.5787494 -103.5007289,43.5823274 -103.5007323,43.5859054 -103.5007169,43.5895297 -103.5007015,43.593154 -103.5007122,43.5967806 -103.500723,43.6004069 -103.5007231,43.6040365 -103.5007232,43.6076662 -103.5007227,43.611285 -103.5007223,43.6149038 -103.5007235,43.6181131 -103.5007241,43.6185403 -103.5007255,43.6207015 -103.500727,43.6221769 -103.5007345,43.6258146 -103.500736,43.6264943 -103.5007363,43.6266526 -103.5007425,43.6294526 -103.5007449,43.6330895 -103.4957676,43.6349417 -103.4907938,43.6367925 -103.489814,43.6371538 -103.4858002,43.6386339 -103.4808086,43.6404744 -103.4808,43.6426005 -103.480794,43.6441046 -103.4807673,43.6477271 -103.4807404,43.6513893 -103.4837594,43.6514002 -103.4857378,43.6514073 -103.4887201,43.651418 -103.4907352,43.6514157 -103.4937017,43.6514023 -103.4957289,43.6513932 -103.4986833,43.6513798 -103.4986822,43.6550007 -103.4986812,43.6586215 -103.4986802,43.6622423 -103.4986792,43.6658631 -103.4986745,43.6694864 -103.4986698,43.6731097 -103.4986651,43.676733 -103.4986604,43.6803562 -103.4986623,43.683977 -103.4986642,43.6875977 -103.4986661,43.6912184 -103.498668,43.6948391 -103.4986634,43.6984633 -103.4986589,43.7020875 -103.4986543,43.7057117 -103.4986498,43.7093359 -103.4986502,43.7101037 -103.4986503,43.7102847 -103.4986517,43.7129609 -103.4986518,43.7130443 -103.498653,43.7147283 -103.498653,43.7147765 -103.4986544,43.7165859 -103.498657,43.7202074 -103.4986596,43.7238289 -103.4986549,43.7274545 -103.4986503,43.7310802 -103.4986552,43.7346927 -103.4986564,43.7356525 -103.4986574,43.7365742 -103.4986596,43.7382821 -103.4986513,43.741915 -103.4986431,43.745548 -103.4986401,43.7476976 -103.4986389,43.7486809 -103.498638,43.7491668 -103.4986319,43.7527856 -103.4986167,43.7564072 -103.4986014,43.7600288 -103.4985862,43.7636504 -103.4985709,43.7672719 -103.4985642,43.7693167 -103.4985635,43.7695124 -103.498559,43.7708865 -103.4985471,43.774501 -103.49855,43.7781193 -103.498553,43.7817375 -103.498558,43.785373 -103.4985631,43.7890085 -103.4985586,43.7926206 -103.4985541,43.7962327 -103.4985431,43.7992675 -103.4985422,43.7995197 -103.498541,43.7998289 -103.498528,43.8034251 -103.498515,43.8070213 -103.498502,43.8106175 -103.4984863,43.8142407 -103.4984707,43.8178639 -103.4984534,43.8214857 -103.4984364,43.825035 -103.493447,43.8250135 -103.4909291,43.8250027 -103.4884576,43.8249921 -103.4834944,43.8249708 -103.4785312,43.8249494 -103.4748521,43.8249325 -103.4735544,43.8249265 -103.4685776,43.8249036 -103.4668759,43.8248954 -103.4635896,43.8248795 -103.4622516,43.8248731 -103.4586752,43.8248559 -103.4586016,43.8248555 -103.4538348,43.8248648 -103.4488579,43.8248743 -103.4438774,43.824884 -103.4388968,43.8248937 -103.4339161,43.8248999 -103.4338836,43.8248999 -103.4289355,43.8249061 -103.4288704,43.824906 -103.4239549,43.8248987 -103.4239224,43.8248986 -103.4189744,43.8248913 -103.4139981,43.8249033 -103.4090217,43.8249154 -103.4040691,43.8249388 -103.3993161,43.8249614 -103.3991164,43.8249624 -103.3989405,43.8249627 -103.3986443,43.8249633 -103.3945277,43.8249715 -103.394141,43.8249723 -103.3891656,43.8249823 -103.3841903,43.8249922 -103.3792149,43.8250021 -103.3742367,43.8250118 -103.3692585,43.8250216 -103.3660002,43.8250279 -103.3642803,43.8250313 -103.3593021,43.825041 -103.354317,43.825055 -103.3493318,43.825069 -103.3443394,43.8250829 -103.3385046,43.8250991 -103.3385048,43.8252088 -103.3385103,43.8287111 -103.3385159,43.8323231 -103.3385025,43.8359478 -103.3384892,43.8395724 -103.3384789,43.8431762 -103.3384685,43.8467801 -103.3340661,43.8467833 -103.3340712,43.8431763 -103.3340758,43.8398603 -103.3340761,43.8396364 -103.3340762,43.8395693 -103.3290758,43.8395657 -103.3290758,43.8395799 -103.3290756,43.8397611 -103.3290711,43.8431762 -103.3290663,43.8467868 -103.3290616,43.8504071 -103.3290568,43.8540274 -103.3290585,43.8563571 -103.3290585,43.8564165 -103.3290586,43.856466 -103.3290594,43.8576496 -103.331509,43.8576498 -103.3315403,43.8576498 -103.3315738,43.8576498 -103.3315641,43.8602897 -103.3315604,43.8612726 -103.3340537,43.8612734 -103.3340546,43.8614876 -103.334055,43.8615813 -103.3340687,43.8648942 -103.3347591,43.8648954 -103.3383939,43.8649005 -103.3383824,43.8685209 -103.3383768,43.871819 -103.3383761,43.8721268 -103.3383721,43.8738865 -103.3383682,43.8757327 -103.3383675,43.8766413 -103.3383599,43.8793599 -103.33835,43.8829872 -103.3340942,43.8829886 -103.3290872,43.8829899 -103.3290744,43.8866038 -103.3290616,43.8902177 -103.3240589,43.890217 -103.3190562,43.890216 -103.3140441,43.8902131 -103.3090321,43.8902101 -103.30402,43.8902068 -103.3040151,43.8938242 -103.3040102,43.8974415 -103.3040111,43.9010615 -103.304012,43.9046815 -103.304011,43.9083015 -103.3090209,43.908302 -103.3091066,43.908302 -103.3093562,43.9083021 -103.3140317,43.9083026 -103.3190424,43.9083029 -103.319043,43.9119424 -103.3190432,43.9120522 -103.3190479,43.9149687 -103.3190488,43.915577 -103.3190492,43.9157767 -103.3190493,43.9158433 -103.3190525,43.9178663 -103.3190531,43.918251 -103.3190546,43.9192117 -103.319056,43.920055 -103.3190566,43.9204363 -103.3190604,43.9228463 -103.3190662,43.926481 -103.3190734,43.9301167 -103.3240842,43.9301146 -103.3290949,43.9301123 -103.3291053,43.9337489 -103.3341162,43.9337468 -103.33815,43.933745 -103.3381495,43.9373816 -103.338149,43.9410182 -103.3381488,43.9446427 -103.3381476,43.9482682 -103.3381455,43.9518979 -103.3341241,43.9519002 -103.3341296,43.9482711 -103.3291164,43.9482747 -103.3241022,43.9482779 -103.3190881,43.948281 -103.3190846,43.9519095 -103.3140738,43.9519062 -103.309063,43.9519026 -103.3090605,43.955529 -103.3090554,43.9591645 -103.3090502,43.9627999 -103.3140603,43.9628012 -103.3140655,43.9591674 -103.3140708,43.9555335 -103.3190811,43.955538 -103.3240938,43.9555347 -103.3240892,43.9591706 -103.3240846,43.9628063 -103.32408,43.9664368 -103.3290951,43.9664389 -103.3341052,43.9664417 -103.3377011,43.9664435 -103.3380812,43.9664437 -103.3380801,43.9667548 -103.3380744,43.9685132 -103.3380715,43.9693965 -103.338071,43.9695566 -103.3380709,43.9695821 -103.3380704,43.9697419 -103.3380695,43.9700076 -103.3380692,43.970071 -103.3380692,43.9706256 -103.338069,43.9736202 -103.338069,43.9736917 -103.3380688,43.9772329 -103.3380688,43.9773125 -103.3380614,43.9808455 -103.3380612,43.9809442 -103.3380539,43.9844581 -103.3380537,43.9845758 -103.3380616,43.9880494 -103.3380621,43.9882927 -103.3380698,43.9916407 -103.3380686,43.9920097 -103.3380651,43.9949878 -103.3371831,43.9949874 -103.334034,43.9949862 -103.3321653,43.9949859 -103.3321654,43.9950955 -103.3321708,43.9986195 -103.3321765,44.0022532 -103.3321823,44.0058868 -103.332188,44.0095205 -103.3321935,44.0131519 -103.332199,44.0167833 -103.3322046,44.0204146 -103.3322101,44.024046 -103.3322158,44.0276769 -103.3322215,44.0313079 -103.3322272,44.0349389 -103.3322329,44.0385699 -103.3322384,44.0422038 -103.332244,44.0458377 -103.3322496,44.0494716 -103.332255,44.0529958 -103.3322552,44.0531055 -103.3323285,44.0531055 -103.3372548,44.0531042 -103.3422544,44.053103 -103.347254,44.0531017 -103.3522536,44.0531005 -103.3522692,44.0567221 -103.3522848,44.0603437 -103.3523005,44.0639653 -103.3523161,44.067587 -103.3523263,44.0712142 -103.3523365,44.0748414 -103.3523438,44.0784651 -103.3523512,44.0821324 -103.357371,44.0821319 -103.3623909,44.0821314 -103.3674107,44.0821309 -103.3724306,44.0821305 -103.3724339,44.0857623 -103.3724373,44.0893941 -103.3724407,44.0930259 -103.3724441,44.0966577 -103.3724575,44.100303 -103.372471,44.1039484 -103.3724844,44.1075938 -103.3724979,44.1112392 -103.3725085,44.1148706 -103.3725191,44.1185019 -103.3725297,44.1221333 -103.3725403,44.1257646 -103.377558,44.1257565 -103.3825757,44.1257483 -103.3875946,44.1257401 -103.3926136,44.1257319 -103.3926158,44.1293575 -103.3926181,44.1329831 -103.3926203,44.1366088 -103.3926221,44.1394082 -103.3926222,44.1395962 -103.3926226,44.1402344 -103.3875989,44.1402621 -103.3825751,44.1402897 -103.3825746,44.1406521 -103.3825744,44.1407615 -103.3825743,44.1408433 -103.3825698,44.1439375 -103.3775454,44.143962 -103.3725209,44.1439864 -103.3725242,44.1422009 -103.3725243,44.142172 -103.3718329,44.1421721 -103.3714574,44.1421722 -103.3674597,44.1421727 -103.3623952,44.1421734 -103.3623952,44.1421962 -103.3623927,44.1431732 -103.3623922,44.1434042 -103.3623907,44.1439893 -103.3573256,44.1439907 -103.3522605,44.1439919 -103.352249,44.1476388 -103.3472112,44.1476484 -103.3421734,44.1476578 -103.3421605,44.1513048 -103.3421476,44.1549519 -103.3421446,44.1567936 -103.3421442,44.1570094 -103.3421434,44.1574854 -103.3419038,44.1576714 -103.3416985,44.1578397 -103.3415106,44.1580519 -103.3414298,44.1582724 -103.3414815,44.158482 -103.341505,44.1585909 -103.3371023,44.1585978 -103.337096,44.162234 -103.3370914,44.1658623 -103.3370868,44.1694878 -103.3421235,44.1694804 -103.3471602,44.169473 -103.3521969,44.1694655 -103.3522113,44.1730681 -103.3522258,44.1766707 -103.3572644,44.1766677 -103.3572765,44.1794582 -103.3572801,44.180272 -103.3572957,44.1838763 -103.3545916,44.1838762 -103.3542934,44.1838761 -103.3522547,44.183876 -103.352259,44.1875215 -103.3522634,44.1911669 -103.3573076,44.1911604 -103.3573017,44.1875184 -103.3623443,44.1875151 -103.3623517,44.1911536 -103.3623592,44.1947917 -103.3674049,44.1947812 -103.3673959,44.1911466 -103.3724401,44.1911394 -103.3724506,44.1947705 -103.3724612,44.1984016 -103.3724672,44.2020463 -103.3674198,44.2020597 -103.3674257,44.2057036 -103.3723225,44.2056914 -103.3724731,44.2056911 -103.3724734,44.2058567 -103.3724743,44.2063958 -103.3724791,44.2093358 -103.3724851,44.2129805 -103.377499,44.2129763 -103.3825128,44.212972 -103.3875267,44.2129678 -103.3925405,44.2129635 -103.3925805,44.2165963 -103.3926204,44.2202291 -103.3926603,44.2238618 -103.3927003,44.2274946 -103.3977226,44.2275086 -103.402745,44.2275226 -103.4077674,44.2275367 -103.4077798,44.2311571 -103.4128087,44.2311662 -103.4128277,44.2347816 -103.4128467,44.2383971 -103.4128657,44.2420126 -103.4178934,44.2420204 -103.4229211,44.2420283 -103.4279488,44.2420362 -103.4279394,44.2456698 -103.4279382,44.2461455 -103.4279376,44.2463788 -103.42793,44.2493034 -103.4329618,44.2493038 -103.4329581,44.2529289 -103.4329544,44.2565703 -103.4329725,44.2601956 -103.4329906,44.2638209 -103.4330087,44.2674461 -103.4330268,44.2710714 -103.43305,44.2746985 -103.4330731,44.2783255 -103.4330963,44.2819525 -103.4331195,44.2855795 -103.4331267,44.2892045 -103.4331338,44.2928294 -103.4331409,44.2964544 -103.433148,44.3000793 -103.4381855,44.3000695 -103.4432231,44.3000597 -103.4482623,44.3000548 -103.4526365,44.3000511 -103.452648,44.3036701 -103.4526595,44.3072892 -103.4526726,44.3109507 -103.4526854,44.3145272 -103.4526858,44.3146123 -103.4527108,44.3182267 -103.4527359,44.321841 -103.4527257,44.3254618 -103.4527156,44.3290717 -103.4527156,44.3290825 -103.4527098,44.3326983 -103.4577335,44.3327062 -103.4627572,44.3327139 -103.4627662,44.3290941 -103.4677916,44.3290998 -103.4728169,44.3291056 -103.4727979,44.3327289 -103.4727788,44.3363523 -103.4727701,44.339974 -103.4727583,44.3441355 -103.469121,44.3441372 -103.469093,44.3477508 -103.469065,44.3513644 -103.469037,44.3549779 -103.4690091,44.3585915 -103.4740124,44.3585556 -103.4790157,44.3585196 -103.4840774,44.3585139 -103.4891391,44.3585082 -103.4891116,44.3621359 -103.4890842,44.3657636 -103.4890728,44.3660766 -103.4890722,44.3693799 -103.4890716,44.3729963 -103.4894091,44.3729947 -103.4902766,44.3729906 -103.494118,44.3729724 -103.4945469,44.3729703 -103.4993399,44.3727894 -103.504298,44.3727536 -103.5088199,44.372721 -103.5090694,44.3727192 -103.5092563,44.3727178 -103.5091957,44.3762806 -103.5091939,44.3763834 -103.5091918,44.3765072 -103.5091316,44.3800491 -103.5090642,44.3836677 -103.5090313,44.3854315 -103.5089968,44.3872862 -103.5140532,44.3872891 -103.5191096,44.3872919 -103.5241659,44.3872947 -103.5292223,44.3872974 -103.5342313,44.3873139 -103.5392402,44.3873303 -103.5442491,44.3873467 -103.5492581,44.3873631 -103.5492416,44.3910045 -103.5492251,44.3946458 -103.5542847,44.3946585 -103.5593443,44.3946709 -103.5643753,44.3946831 -103.5690116,44.3946941 -103.5690128,44.3983185 -103.5690139,44.4019428 -103.5740372,44.4019241 -103.5790604,44.4019053 -103.5840836,44.4018866 -103.5891069,44.4018678 -103.5891023,44.4054817 -103.5890978,44.4090955 -103.589067,44.4127076 -103.589036,44.4163197 -103.5890009,44.4199594 -103.5889964,44.4204323 -103.5889955,44.4205243 -103.5889658,44.423599 -103.5889232,44.4271861 -103.5888805,44.4307751 -103.5939466,44.4307845 -103.5990128,44.4307939 -103.60406,44.4307823 -103.6091072,44.4307706 -103.6141607,44.4307725 -103.6185001,44.4307742 -103.6187576,44.4307743 -103.6192142,44.4307744 -103.6241715,44.430764 -103.6291287,44.4307536 -103.6341844,44.4307685 -103.6392401,44.4307834 -103.6443275,44.4307794 -103.6494149,44.4307753 -103.6494038,44.427152 -103.6493928,44.4235595 -103.6494127,44.419998 -103.6494326,44.4164364 -103.6511171,44.416437 -103.6513679,44.4164371 -103.6544822,44.4164383 -103.6595317,44.4164403 -103.6645738,44.4164443 -103.6696158,44.4164484 -103.674691,44.4164249 -103.6797662,44.4164014 -103.679786,44.4199969 -103.684864,44.4199784 -103.6896151,44.4199608 -103.6896233,44.4171195 -103.6896241,44.4163486 -103.6924406,44.416362 -103.6934803,44.4163669 -103.6945277,44.4163719 -103.6945485,44.416372 -103.6946034,44.4163722 -103.6947181,44.4163728 -103.6995829,44.416396 -103.7002928,44.4163983 -103.7046732,44.4164128 -103.7097634,44.4164296 -103.7097544,44.4200526 -103.7097454,44.4236756 -103.7046825,44.4236502 -103.7046858,44.4272734 -103.7097336,44.4272988 -103.709722,44.4308315 -103.7137225,44.4308502 -103.7147257,44.4308549 -103.7147964,44.4308552 -103.7149049,44.4308557 -103.7152853,44.4308575 -103.7162791,44.4308622 -103.7197293,44.4308782 -103.7198708,44.4308784 -103.724781,44.4308828 -103.7249453,44.430883 -103.7298328,44.4308875 -103.7300197,44.4308884 -103.7348552,44.4309128 -103.7350712,44.4309139 -103.7398776,44.4309381 -103.7401226,44.4309385 -103.7448949,44.4309476 -103.7451741,44.4309482 -103.7499122,44.4309572 -103.7502255,44.4309574 -103.7549157,44.4309587 -103.755282,44.4309588 -103.7599191,44.4309602 -103.7603385,44.4309624 -103.7648881,44.4309855 -103.7653946,44.4309881 -103.7698571,44.4310107 -103.7704507,44.4310078 -103.7748268,44.4309809 -103.7755114,44.4309767 -103.7797966,44.4309504 -103.7798139,44.4345918 -103.7798312,44.4382332 -103.7848667,44.4382416 -103.7899021,44.4382498 -103.7898998,44.4418457 -103.7949297,44.4418342 -103.7949403,44.445437 -103.799983,44.4454323 -103.7999595,44.4418224 -103.799936,44.4382125 -103.8049981,44.4381933 -103.8093555,44.4381766 -103.8093619,44.4345487 -103.8093684,44.4309208 -103.8117998,44.4309156 -103.8122248,44.4309147 -103.814411,44.4309099 -103.8191911,44.4308996 -103.8194535,44.4308991 -103.8195932,44.4308991 -103.8244497,44.4308994 -103.8245078,44.4308994 -103.8294458,44.4308997 -103.8294457,44.4344904 -103.8294457,44.438081 -103.8294779,44.4417162 -103.8295101,44.4453513 -103.8295369,44.4489583 -103.8295638,44.4525653 -103.8295686,44.4547714 -103.8295694,44.4551383 -103.8295717,44.4561834 -103.8295795,44.4598014 -103.8346771,44.459789 -103.8397746,44.4597766 -103.8448126,44.4597936 -103.8498505,44.4598106 -103.8498336,44.4634331 -103.8498254,44.4652009 -103.8548774,44.4652067 -103.854865,44.4669689 -103.8548983,44.4669419 -103.8576844,44.4646826 -103.8582641,44.4634187 -103.8582783,44.4633876 -103.859025,44.4617597 -103.8599316,44.4613432 -103.8599661,44.4613274 -103.8629069,44.4599764 -103.8649913,44.4597864 -103.870002,44.459777 -103.8750322,44.4597834 -103.8800624,44.45979 -103.8850826,44.459786 -103.8901027,44.459782 -103.8950837,44.4598167 -103.9000647,44.4598514 -103.900066,44.4634919 -103.8950511,44.4634535 -103.8950185,44.4670902 -103.894986,44.4707204 -103.9000688,44.4707598 -103.9000696,44.4728456 -103.9000696,44.4730288 -103.9000701,44.4743873 -103.9051869,44.474424 -103.9103037,44.4744607 -103.9153908,44.4744883 -103.9154108,44.4780958 -103.9204937,44.4781223 -103.9204779,44.4745159 -103.9255494,44.4745317 -103.9255053,44.470902 -103.9254613,44.4672719 -103.9203668,44.4672536 -103.9203637,44.4670489 -103.9203604,44.4668351 -103.9203111,44.4636165 -103.9202555,44.4599794 -103.9253337,44.4600086 -103.9305258,44.4600387 -103.9306202,44.4636646 -103.9307148,44.4672906 -103.9307695,44.4709196 -103.9308243,44.4745487 -103.9357783,44.4745476 -103.9358814,44.4745476 -103.9392403,44.4745469 -103.9395004,44.4745469 -103.9407324,44.4745466 -103.9409384,44.4745465 -103.9456865,44.4745455 -103.9459752,44.4745454 -103.9506405,44.4745444 -103.9506366,44.4781516 -103.955684,44.4781129 -103.9607314,44.478074 -103.9607646,44.4815975 -103.9607984,44.4851756 -103.965821,44.4851191 -103.9708437,44.4850623 -103.9708445,44.4854497 -103.9708521,44.4886883 -103.9707586,44.4886889 -103.9708414,44.4922797 -103.9709242,44.4958704 -103.975918,44.4958641 -103.9780273,44.4958614 -103.9783121,44.495861 -103.9809118,44.4958575 -103.9807742,44.4922376 -103.9806366,44.4886176 -103.9809779,44.4886154 -103.9855756,44.4885822 -103.9860408,44.4885789 -103.9860323,44.4854386 -103.9860226,44.4818159 -103.986011,44.4781894 -103.9859996,44.4745628 -103.9863017,44.4745629 -103.9910513,44.4745649 -103.9913547,44.4745649 -103.9961224,44.4745726 -103.9964105,44.474573 -104.0011934,44.4745807 -104.0014664,44.474581 -104.0062354,44.4745888 -104.0065109,44.4745892 -104.0112774,44.474597 -104.0115555,44.4745973 -104.0162876,44.4746051 -104.0165998,44.4746057 -104.0212978,44.4746135 -104.0216441,44.4746139 -104.0263611,44.4746218 -104.0263932,44.4782442 -104.0213326,44.4782369 -104.0213675,44.4818603 -104.0163362,44.4818538 -104.0163598,44.4855102 -104.021403,44.4855505 -104.0264584,44.4855223 -104.0264253,44.4818665 -104.0314832,44.4818725 -104.0314805,44.4812462 -104.0335455,44.4812764 -104.0337972,44.48128 -104.0364952,44.4813194 -104.0364667,44.477671 -104.0364548,44.4761417 -104.0364461,44.4750291 -104.036443,44.4746324 -104.0364954,44.4746324 -104.0367481,44.4746325 -104.0367842,44.4746325 -104.041329,44.4746316 -104.0418219,44.4746316 -104.0463906,44.4746333 -104.0468759,44.4746333 -104.0514522,44.474635 -104.0517631,44.474635 -104.0519299,44.474635 -104.0558902,44.4746362 -104.0558895,44.474387 -104.0558887,44.4740918 -104.0558859,44.4736841 -104.0626592,44.4739778 -104.0626713,44.4739784 -104.0629243,44.4739901 -104.0678018,44.4742169 -104.0729444,44.474456 -104.0780946,44.4744329 -104.0832447,44.4744097 -104.0883975,44.4743866 -104.0885392,44.4780976 -104.0886809,44.4818086 -104.0888165,44.4855233 -104.0889522,44.4892379 -104.0939637,44.489205 -104.0989049,44.4892004 -104.1038461,44.4891958 -104.1089535,44.4891522 -104.1140457,44.4891086 -104.1140572,44.4856563 -104.1140687,44.4822039 -104.1178174,44.4820981 -104.1187917,44.4820706 -104.1188051,44.4820702 -104.1189093,44.4820673 -104.1189199,44.482067 -104.1190685,44.4820628 -104.1203198,44.4820274 -104.1240682,44.4819214 -104.1242089,44.4854559 -104.1295255,44.4853519 -104.1348421,44.4852477 -104.1348834,44.4816149 -104.1340831,44.4785875 -104.1332827,44.4755602 -104.1390061,44.4749464 -104.1447296,44.4743326 -104.1443982,44.4707851 -104.1441547,44.4681775 -104.1441529,44.4681581 -104.144132,44.4679346 -104.1441312,44.4679264 -104.1440669,44.4672376 -104.1437433,44.463772 -104.1434197,44.4603064 -104.143938,44.4602489 -104.1442218,44.4602174 -104.1484813,44.4597445 -104.1535429,44.4591826 -104.1535527,44.4557008 -104.1535626,44.452219 -104.1535725,44.4487372 -104.1535756,44.4476479 -104.1535759,44.4475366 -104.1535823,44.4452554 -104.1537334,44.4452466 -104.1586847,44.444959 -104.1587866,44.444953 -104.1606315,44.4448459 -104.1607845,44.444837 -104.163787,44.4446626 -104.1638398,44.4446595 -104.1688911,44.4443661 -104.1739946,44.4440773 -104.1739796,44.4408143 -104.1739778,44.4403963 -104.1739667,44.4371766 -104.1739649,44.4367586 -104.1739523,44.4335571 -104.1739503,44.4331209 -104.1739393,44.4299375 -104.1739377,44.4294832 -104.1737424,44.4263173 -104.1737136,44.425846 -104.1735193,44.4226971 -104.1734895,44.4222082 -104.1732963,44.4190768 -104.1732654,44.4185706 -104.1730734,44.4154566 -104.1730414,44.4149322 -104.1729429,44.4123085 -104.1729361,44.4121272 -104.1729254,44.4118425 -104.1729053,44.4112943 -104.1727902,44.4082281 -104.1727692,44.4076564 -104.1726551,44.4046138 -104.1726332,44.4040185 -104.17252,44.4009994 -104.1724966,44.4003807 -104.17593,44.4004386 -104.1761833,44.4004429 -104.1775522,44.400466 -104.1826079,44.4005513 -104.1826989,44.3974664 -104.182705,44.3972572 -104.1827168,44.3968604 -104.1828256,44.3931694 -104.1829276,44.3897092 -104.1829329,44.3895294 -104.1829346,44.3894721 -104.1829871,44.3876905 -104.1830257,44.386381 -104.1830435,44.3857747 -104.1880857,44.3857603 -104.1931279,44.3857459 -104.1932117,44.3820025 -104.1932953,44.3782592 -104.1933689,44.3745117 -104.1934423,44.3707643 -104.193468,44.3692022 -104.1934713,44.3690056 -104.1935003,44.3672412 -104.1935149,44.3663525 -104.1935183,44.3661491 -104.1935583,44.3637181 -104.1936028,44.3600706 -104.1936473,44.356423 -104.1933646,44.3529596 -104.19335,44.3527801 -104.1933433,44.3526988 -104.1930447,44.3490398 -104.1927359,44.3453955 -104.1925163,44.3428037 -104.1925006,44.3426187 -104.1924271,44.3417512 -104.1924585,44.3381055 -104.1924853,44.3349829 -104.1924869,44.3348023 -104.1924898,44.3344599 -104.192517,44.330812 -104.1925442,44.3271642 -104.1976084,44.3272165 -104.2026726,44.3272689 -104.2077368,44.3273212 -104.212801,44.3273735 -104.2127993,44.3237047 -104.2127976,44.3200359 -104.212796,44.3163672 -104.2127945,44.3132711 -104.2127944,44.3129813 -104.2127943,44.3126983 -104.2178653,44.3126815 -104.2199411,44.3126747 -104.2202463,44.3126736 -104.2229364,44.3126647 -104.2280085,44.3126418 -104.2327528,44.3126203 -104.2327497,44.3162575 -104.2327467,44.3198947 -104.2327538,44.3235401 -104.232761,44.3271855 -104.2327686,44.3308236 -104.2327762,44.3344617 -104.2327766,44.3345413 -104.2327948,44.3381196 -104.2328134,44.3417775 -104.2327559,44.3454668 -104.2326983,44.3491561 -104.2326492,44.3528445 -104.2326001,44.3565329 -104.2378154,44.3565119 -104.2430308,44.3564908 -104.2482462,44.3564698 -104.2534616,44.3564487 -104.258519,44.3564071 -104.2635765,44.3563655 -104.2634646,44.3527324 -104.2633527,44.3490983 -104.263241,44.3454695 -104.2631293,44.3418408 -104.2630826,44.3382056 -104.2630359,44.3345705 -104.2629896,44.3309711 -104.2629434,44.3273717 -104.2631346,44.3236699 -104.2633258,44.3199681 -104.2635147,44.3163083 -104.2637037,44.3126485 -104.268878,44.3126077 -104.2740524,44.3125668 -104.279245,44.3124466 -104.2844377,44.3123264 -104.2893368,44.3123274 -104.294236,44.3123284 -104.2938356,44.3086246 -104.2934352,44.3049208 -104.2984561,44.3049588 -104.303477,44.3049966 -104.3030057,44.3013169 -104.3025344,44.2976372 -104.3026768,44.2940334 -104.3028191,44.2904296 -104.3029621,44.2868101 -104.3031051,44.2831905 -104.2979488,44.2831857 -104.2927926,44.2831808 -104.2877883,44.283218 -104.282784,44.2832553 -104.2827819,44.2796136 -104.2827797,44.275972 -104.2827775,44.2723321 -104.2827753,44.2686922 -104.2777389,44.268699 -104.2727025,44.2687057 -104.2677631,44.2687016 -104.2628236,44.2686974 -104.2577923,44.2687206 -104.2527611,44.2687437 -104.2477311,44.2687715 -104.2427012,44.2687994 -104.2376436,44.2688337 -104.232586,44.2688681 -104.2277649,44.2689833 -104.2228026,44.269102 -104.2178429,44.2692352 -104.2128831,44.2693684 -104.212912,44.2730012 -104.2129408,44.2766339 -104.2129639,44.2802703 -104.2129869,44.2839068 -104.2130495,44.2874813 -104.2131121,44.2910559 -104.2079589,44.2909882 -104.2028058,44.2909203 -104.1977242,44.2908531 -104.1926425,44.2907857 -104.1876813,44.290953 -104.1827201,44.2911202 -104.1776594,44.2912905 -104.1725987,44.2914605 -104.1726674,44.2876027 -104.172736,44.283745 -104.1676931,44.283713 -104.1626502,44.2836809 -104.1576072,44.2836489 -104.1525643,44.2836169 -104.1475511,44.2836819 -104.1425379,44.2837469 -104.1375265,44.2838052 -104.1325152,44.2838634 -104.1326052,44.280199 -104.1326952,44.2765345 -104.1327852,44.2728701 -104.1328753,44.2692057 -104.1328693,44.2655603 -104.1328632,44.2618835 -104.1328509,44.2581961 -104.1328387,44.2545085 -104.1328176,44.2508065 -104.1327965,44.2471044 -104.1327754,44.2434023 -104.1327544,44.2397003 -104.1327346,44.236019 -104.1327148,44.2323377 -104.1326951,44.2286565 -104.1326753,44.2249752 -104.1326562,44.2213045 -104.132637,44.2176338 -104.1326178,44.2139631 -104.1325987,44.2102924 -104.132579,44.2066216 -104.1325592,44.2029507 -104.1325394,44.1992799 -104.1325197,44.1956091 -104.1325018,44.1919449 -104.1324838,44.1882806 -104.1324658,44.1846165 -104.1324484,44.1810607 -104.1324479,44.1809523 -104.1323732,44.1809515 -104.1303241,44.1809309 -104.1274181,44.1809016 -104.1252855,44.1808801 -104.1223883,44.1808509 -104.120248,44.1807979 -104.1175194,44.1807304 -104.1153279,44.1806762 -104.1152119,44.1806733 -104.1126505,44.1806114 -104.1103518,44.1806124 -104.1077572,44.1806146 -104.1077439,44.1806146 -104.105468,44.1806166 -104.1028373,44.1806178 -104.1005842,44.1805965 -104.0979048,44.1805725 -104.0957007,44.1805527 -104.0929723,44.1805264 -104.09078,44.1805217 -104.0880582,44.1805165 -104.0858589,44.1805124 -104.0831441,44.1805067 -104.0809384,44.1804789 -104.0797199,44.1804638 -104.0782258,44.1804453 -104.0760181,44.1804179 -104.0733074,44.180383 -104.0715904,44.1803919 -104.0683931,44.1804065 -104.067162,44.1804121 -104.0635107,44.1804294 -104.0635069,44.1804295 -104.0634787,44.1804296 -104.0627338,44.1804341 -104.0591164,44.1804529 -104.0583053,44.1804571 -104.0547542,44.1804786 -104.0547542,44.1803897 -104.0547549,44.1771431 -104.0547552,44.1750127 -104.0547552,44.1749995 -104.0547554,44.1738638 -104.0547554,44.1735086 -104.0547555,44.1729861 -104.0547563,44.1698734 -104.0547563,44.1697304 -104.0547626,44.1663848 -104.0547633,44.1659829 -104.0547633,44.1658986 -104.0547633,44.1658888 -104.0547633,44.1658753 -104.0547698,44.1622771 -104.0547698,44.1622354 -104.0547694,44.158728 -104.0547694,44.1586535 -104.0547694,44.1585943 -104.0547694,44.1584947 -104.0547694,44.1584334 -104.0547694,44.1572268 -104.054769,44.1553869 -104.054768,44.1550302 -104.0547672,44.1547542 -104.0591607,44.1547647 -104.0611619,44.1547906 -104.0614813,44.1547947 -104.0641222,44.1548288 -104.0690578,44.1548924 -104.0690838,44.1548928 -104.0694502,44.1548975 -104.0730113,44.1549432 -104.073243,44.1549462 -104.0741126,44.1549573 -104.0741229,44.1531784 -104.074124,44.1529945 -104.0741347,44.1511299 -104.0741568,44.1473024 -104.0691615,44.1473048 -104.0641661,44.1473073 -104.0591708,44.1473098 -104.0586624,44.1473057 -104.0583704,44.1473033 -104.0547495,44.1472739 -104.0547492,44.1471815 -104.0547414,44.144151 -104.0547406,44.1438579 -104.0547398,44.1435672 -104.0547338,44.1412691 -104.0547329,44.1409052 -104.0547333,44.1407718 -104.0547342,44.1405323 -104.054735,44.1403236 -104.0547366,44.1398608 -104.0547374,44.13965 -104.0547379,44.1394945 -104.0547469,44.1369082 -104.0547496,44.1361543 -104.0547596,44.1332841 -104.0547612,44.1328332 -104.0547626,44.1324478 -104.0547746,44.1296604 -104.0547776,44.1288684 -104.0547782,44.1287246 -104.0547793,44.1284471 -104.0547876,44.1264567 -104.0547845,44.1262106 -104.0547822,44.1260368 -104.0547779,44.125698 -104.0547688,44.1250016 -104.0547352,44.1224154 -104.054732,44.1221637 -104.0547205,44.1212788 -104.0588934,44.1212819 -104.0588536,44.1250086 -104.0588112,44.128595 -104.0587689,44.1321814 -104.0637135,44.1319222 -104.068658,44.1316631 -104.0736267,44.1317029 -104.0785953,44.1317428 -104.0836326,44.1321682 -104.083649,44.1285528 -104.0785974,44.1281605 -104.0736566,44.1281943 -104.0687157,44.1282279 -104.0687734,44.1247928 -104.0736865,44.1246856 -104.0737166,44.1210708 -104.0785988,44.1209895 -104.0836805,44.1212857 -104.0887622,44.1215817 -104.0887933,44.1178674 -104.0887476,44.1142483 -104.0836857,44.114008 -104.0836758,44.1103818 -104.0887019,44.1106292 -104.0886567,44.107046 -104.0886114,44.1034629 -104.0886406,44.0995628 -104.0836631,44.0994043 -104.0786856,44.0992455 -104.0787012,44.1028676 -104.0836563,44.1031652 -104.083666,44.1067736 -104.0786754,44.1065009 -104.0736832,44.1065131 -104.0737038,44.1101275 -104.0737253,44.1137917 -104.0688267,44.1138157 -104.0687579,44.1101205 -104.0686472,44.1101204 -104.0639429,44.1101135 -104.059128,44.1101064 -104.0545857,44.1098998 -104.054636,44.1079229 -104.0546467,44.1075024 -104.054683,44.1060721 -104.0546971,44.1055163 -104.054728,44.1042948 -104.0547802,44.1022446 -104.0548193,44.1006667 -104.0548694,44.0986457 -104.0591216,44.0986204 -104.0638915,44.098868 -104.0685887,44.0991117 -104.0686614,44.0991155 -104.0686989,44.0953015 -104.0686423,44.0952997 -104.0639195,44.0951469 -104.0591401,44.094992 -104.0590057,44.0913369 -104.0588712,44.0876817 -104.0589654,44.0841202 -104.0580597,44.0841162 -104.057822,44.0841152 -104.0548917,44.0841024 -104.0548853,44.0828553 -104.0548839,44.0825733 -104.0548799,44.0817238 -104.0548796,44.0816449 -104.0548791,44.0815462 -104.0548782,44.0813769 -104.0548787,44.0805825 -104.054881,44.0787291 -104.054883,44.0770613 -104.0548848,44.0756844 -104.0548855,44.0751518 -104.0548856,44.0751147 -104.0548873,44.0735401 -104.054887,44.0714941 -104.0548869,44.0703032 -104.0548868,44.0699903 -104.0548866,44.0678728 -104.0548866,44.0669023 -104.0548862,44.0664406 -104.0548842,44.0642685 -104.054883,44.0628914 -104.0548823,44.0621924 -104.0548809,44.0606646 -104.05488,44.0595634 -104.0548798,44.0593421 -104.0548784,44.0583131 -104.0548768,44.0570607 -104.0548764,44.0566969 -104.0548754,44.0557579 -104.0548723,44.0534571 -104.0548717,44.05278 -104.0548719,44.0524709 -104.0548721,44.0521736 -104.0548736,44.049835 -104.0548745,44.0485906 -104.0548752,44.0474018 -104.054876,44.046213 -104.0548768,44.0450074 -104.0548775,44.0441672 -104.0548787,44.0425911 -104.0548794,44.0417371 -104.0548797,44.0414128 -104.0590796,44.0414135 -104.0593678,44.0378211 -104.0596548,44.0342249 -104.0646512,44.0342466 -104.0648182,44.0306736 -104.0599417,44.0306288</coordinates></LinearRing></outerBoundaryIs><innerBoundaryIs><LinearRing><coordinates>-103.8094847,44.3667643 -103.8094824,44.3681978 -103.8094804,44.3695281 -103.8094801,44.3696673 -103.8094801,44.369708 -103.8094797,44.3699495 -103.8094752,44.3733088 -103.809471,44.376911 -103.8094708,44.3770498 -103.8094706,44.3772097 -103.8094667,44.3805131 -103.8094584,44.3825777 -103.809458,44.3826771 -103.8094543,44.3835869 -103.809452,44.3841267 -103.8094423,44.3864793 -103.8094371,44.3877403 -103.8076717,44.387735 -103.8076515,44.387735 -103.8058662,44.3877297 -103.8053361,44.3877279 -103.8050307,44.3877269 -103.8031385,44.3877215 -103.8008042,44.3877147 -103.7989723,44.3877159 -103.797887,44.3877166 -103.7970526,44.3877171 -103.7957408,44.3877179 -103.7954214,44.3877181 -103.7926318,44.3877199 -103.790912,44.387721 -103.7907307,44.3877211 -103.7906775,44.3877212 -103.7895575,44.3877191 -103.7884445,44.387717 -103.7871046,44.3877144 -103.7866755,44.3877135 -103.7861758,44.3877123 -103.7856316,44.387711 -103.7835756,44.387706 -103.7828256,44.3877042 -103.7814502,44.3877009 -103.7805856,44.3876988 -103.7778074,44.3876938 -103.7777527,44.3876937 -103.7755224,44.3876897 -103.772983,44.3876852 -103.7719957,44.3876834 -103.7711519,44.3876819 -103.7704592,44.3876807 -103.7653862,44.3876789 -103.7603132,44.3876771 -103.7552792,44.3876806 -103.7502452,44.387684 -103.7451952,44.3876811 -103.7402132,44.3876783 -103.7401451,44.3876782 -103.7350931,44.3876697 -103.733411,44.3876669 -103.7317108,44.387664 -103.7300412,44.3876612 -103.7278195,44.3876629 -103.7255858,44.3876646 -103.7249919,44.387665 -103.7230175,44.3876665 -103.7199995,44.3876689 -103.7199426,44.3876689 -103.7178706,44.3876687 -103.7157517,44.3876685 -103.7148817,44.3876684 -103.7139778,44.3876684 -103.7133055,44.3876683 -103.7115277,44.3876682 -103.7111797,44.3876681 -103.7098207,44.387668 -103.7087777,44.387668 -103.7066855,44.387668 -103.7064562,44.387668 -103.705894,44.3876679 -103.7047675,44.387668 -103.7036445,44.3876679 -103.7029637,44.3876679 -103.6997142,44.3876679 -103.6989843,44.3876678 -103.6966179,44.3876678 -103.6946614,44.3876677 -103.6896086,44.3876676 -103.6896528,44.3840309 -103.6896534,44.3839784 -103.6896965,44.3803943 -103.6897331,44.3767839 -103.6897706,44.3731735 -103.689763,44.3695793 -103.6897554,44.3659851 -103.6897457,44.364738 -103.6897361,44.3635324 -103.6897271,44.3623861 -103.6897139,44.3607256 -103.6897118,44.3593537 -103.6897108,44.3587872 -103.6897062,44.3579304 -103.6896913,44.3551826 -103.6896908,44.3551033 -103.6896803,44.3532726 -103.689674,44.3521345 -103.689671,44.351578 -103.689681,44.3479774 -103.6896811,44.3479593 -103.6896911,44.3443769 -103.6901878,44.3443768 -103.6918036,44.3443761 -103.6929557,44.3443757 -103.6941078,44.3443753 -103.6941683,44.3443753 -103.6947136,44.3443753 -103.6952575,44.3443753 -103.6963798,44.3443752 -103.6987148,44.3443752 -103.6992128,44.3443752 -103.6997362,44.3443752 -103.7006919,44.3443756 -103.7012644,44.3443758 -103.7042574,44.344377 -103.7043835,44.344377 -103.704766,44.3443772 -103.7048904,44.3443772 -103.7061413,44.3443777 -103.7070644,44.3443781 -103.7082245,44.3443786 -103.7093017,44.3443791 -103.7093872,44.3443791 -103.7097958,44.3443793 -103.7105398,44.3443801 -103.7117932,44.3443814 -103.7135919,44.3443835 -103.7143461,44.3443843 -103.7143488,44.3431399 -103.7143499,44.3426824 -103.7143538,44.3414055 -103.7143588,44.3397844 -103.7143712,44.3361468 -103.7143791,44.3325294 -103.7143802,44.3320374 -103.7143824,44.3310287 -103.7143824,44.3310284 -103.714387,44.328912 -103.7143873,44.3289119 -103.7151609,44.3289145 -103.7151612,44.3289145 -103.7194109,44.3289282 -103.7227093,44.3289373 -103.7244309,44.3289405 -103.7254015,44.3289442 -103.7270921,44.3289513 -103.729473,44.3289613 -103.7298941,44.3289631 -103.7308155,44.3289669 -103.7322673,44.3289729 -103.7345151,44.3289822 -103.7345166,44.328367 -103.7345212,44.3266904 -103.7345249,44.3253519 -103.7345258,44.3249988 -103.7345301,44.323448 -103.7345318,44.3228078 -103.7345344,44.3218772 -103.7345347,44.3217216 -103.7345362,44.3211353 -103.7345383,44.3202706 -103.7345437,44.3180875 -103.7345465,44.3169136 -103.7345552,44.3144534 -103.734555,44.3138749 -103.7345546,44.3127778 -103.7345539,44.3108224 -103.7345537,44.3103001 -103.7345536,44.3101114 -103.7345529,44.3080222 -103.7345527,44.3074087 -103.7345527,44.3071915 -103.7345541,44.3057588 -103.734556,44.3040001 -103.7345564,44.303558 -103.7345569,44.3031537 -103.7345587,44.3013881 -103.7345602,44.2999245 -103.7356309,44.2999265 -103.7379739,44.2999309 -103.7396099,44.2999339 -103.7403452,44.2999353 -103.7446596,44.299944 -103.746149,44.2999468 -103.7474434,44.2999491 -103.7497104,44.299953 -103.7500655,44.2999537 -103.7503602,44.2999542 -103.7530997,44.299959 -103.7547612,44.2999619 -103.7557034,44.299965 -103.7563479,44.2999671 -103.7574038,44.2999705 -103.7598146,44.2999789 -103.7648681,44.2999965 -103.769918,44.3000122 -103.774968,44.3000279 -103.780009,44.3000495 -103.7819972,44.300058 -103.78505,44.3000711 -103.7867507,44.3000778 -103.7880065,44.3000827 -103.7888021,44.3000859 -103.790094,44.3000909 -103.7913899,44.300096 -103.7943211,44.3001075 -103.795138,44.3001108 -103.7956544,44.300112 -103.796911,44.300115 -103.7969769,44.3001151 -103.7982036,44.300118 -103.7986514,44.3001191 -103.7995571,44.3001212 -103.8001807,44.3001227 -103.8007225,44.300124 -103.8009525,44.3001245 -103.8021483,44.3001273 -103.8033212,44.3001301 -103.8033456,44.3001302 -103.8034841,44.3001305 -103.8052234,44.3001346 -103.8065458,44.300137 -103.8075232,44.3001388 -103.808156,44.3001399 -103.810223,44.3001436 -103.8102651,44.3001437 -103.810864,44.3001448 -103.8117613,44.3001464 -103.8125396,44.3001478 -103.8132384,44.300149 -103.8143715,44.3001511 -103.8151026,44.3001524 -103.8155031,44.3001525 -103.8166384,44.3001528 -103.8177828,44.3001532 -103.8186151,44.3001534 -103.8194073,44.3001537 -103.8201485,44.3001539 -103.8205447,44.300154 -103.8248131,44.3001554 -103.8251945,44.3001555 -103.8267697,44.3001594 -103.830251,44.3001692 -103.8353075,44.3001834 -103.8352941,44.3038059 -103.8352887,44.3052491 -103.835284,44.3065392 -103.8352807,44.3074284 -103.8352745,44.310511 -103.8352734,44.3110477 -103.8352664,44.3144845 -103.835266,44.314667 -103.8352666,44.3157296 -103.835268,44.3182969 -103.8352688,44.3196328 -103.8352693,44.320537 -103.83527,44.3219268 -103.8352702,44.3223272 -103.8352707,44.3235297 -103.8352702,44.324326 -103.8352689,44.3249896 -103.8352679,44.3255502 -103.8352661,44.3264522 -103.8352632,44.327931 -103.8352622,44.3284976 -103.8352609,44.3291735 -103.8352606,44.3294994 -103.8352605,44.329577 -103.8352601,44.3300319 -103.8352592,44.330902 -103.8352589,44.331275 -103.8352575,44.3327873 -103.8352566,44.3337038 -103.835254,44.3364011 -103.8352539,44.3376029 -103.8352538,44.3386376 -103.8352538,44.3386635 -103.8352538,44.3386994 -103.8352538,44.3391251 -103.835254,44.34002 -103.835254,44.3400782 -103.8352539,44.3405715 -103.8352539,44.3407187 -103.8352537,44.3415603 -103.8352537,44.3418342 -103.8352535,44.3430558 -103.8352535,44.3430808 -103.8352533,44.3439305 -103.8352532,44.3446036 -103.8352532,44.3446146 -103.8352027,44.3446145 -103.8345921,44.3446141 -103.8325861,44.3446126 -103.8313629,44.3446113 -103.831146,44.344611 -103.8302136,44.34461 -103.830079,44.3446098 -103.829688,44.3446093 -103.8295518,44.3446092 -103.8295491,44.3462277 -103.8295482,44.3467801 -103.8295477,44.3470777 -103.8295469,44.3482358 -103.8295459,44.3499544 -103.8295458,44.3500799 -103.8295448,44.3515654 -103.8295446,44.3518625 -103.8295419,44.3531896 -103.8295418,44.3532493 -103.8295407,44.3535752 -103.8295353,44.3552018 -103.8295344,44.3554845 -103.8295314,44.3563922 -103.8295312,44.356468 -103.82953,44.3568162 -103.8295293,44.3570324 -103.8295265,44.3578939 -103.8295258,44.3580987 -103.8295233,44.3588474 -103.829523,44.3589431 -103.8295225,44.3591064 -103.8279565,44.3590992 -103.8277592,44.3590983 -103.8255827,44.3590881 -103.8247503,44.3590844 -103.8245423,44.3590834 -103.8245132,44.3590833 -103.8225076,44.359074 -103.820698,44.3590652 -103.819504,44.3590593 -103.8186844,44.3590549 -103.8174295,44.3590481 -103.8152718,44.3590372 -103.815108,44.3590363 -103.8148661,44.3590351 -103.8144773,44.3590331 -103.8129662,44.3590255 -103.810808,44.3590145 -103.8094506,44.3590076 -103.809461,44.3612325 -103.8094663,44.3621483 -103.8094674,44.3623764 -103.8094674,44.3623854 -103.8094679,44.3624869 -103.8094753,44.3639766 -103.8094818,44.3653017 -103.8094853,44.3660257 -103.8094857,44.3661072 -103.8094847,44.3667643</coordinates></LinearRing></innerBoundaryIs></Polygon><Polygon><outerBoundaryIs><LinearRing><coordinates>-104.4433421,44.6365457 -104.4382972,44.636639 -104.4333159,44.6365834 -104.4333938,44.6402321 -104.4284533,44.6401947 -104.423465,44.6401568 -104.4233294,44.6364717 -104.4183242,44.6364155 -104.4181718,44.6327123 -104.4181138,44.6290731 -104.4180559,44.6254338 -104.4180269,44.6236142 -104.4180125,44.6227133 -104.4180123,44.6227044 -104.4180093,44.6225133 -104.4179978,44.6217946 -104.4212801,44.6218029 -104.4216608,44.6218039 -104.4229911,44.6218072 -104.4229843,44.621438 -104.4229797,44.6211882 -104.4229575,44.6199819 -104.426267,44.6199866 -104.4265321,44.6199869 -104.427946,44.6199889 -104.4279076,44.618158 -104.4324289,44.6181079 -104.4329349,44.6181025 -104.437481,44.6180521 -104.4379621,44.6180474 -104.4378325,44.614789 -104.4376883,44.6111662 -104.4376785,44.6109202 -104.4425424,44.6109491 -104.4476093,44.6109792 -104.4480266,44.6109817 -104.452977,44.61098 -104.4576774,44.6109391 -104.4578699,44.6109375 -104.4579525,44.607562 -104.4580412,44.6039404 -104.4580463,44.6035911 -104.4627991,44.6036022 -104.4678704,44.6036141 -104.4680264,44.6036144 -104.4680215,44.6003146 -104.4680208,44.5998247 -104.4678809,44.596231 -104.4729509,44.5962575 -104.4780329,44.596284 -104.483114,44.5962294 -104.4830744,44.592595 -104.4881622,44.5925465 -104.4881293,44.5889184 -104.4932236,44.5888763 -104.498318,44.5888341 -104.4982996,44.5852206 -104.4982812,44.5816071 -104.5033821,44.5815805 -104.508483,44.5815537 -104.5084564,44.5779527 -104.5084299,44.5743517 -104.5135226,44.5743374 -104.5186153,44.5743232 -104.518637,44.5707352 -104.5186586,44.5671471 -104.5186803,44.5635591 -104.5238177,44.5628271 -104.5238522,44.5592069 -104.5187019,44.5599711 -104.518516,44.5563829 -104.5183301,44.5527947 -104.5181442,44.5492065 -104.5179583,44.5456183 -104.5179285,44.5420304 -104.5178986,44.5384425 -104.5178687,44.5348546 -104.5178388,44.5312667 -104.5182816,44.5312657 -104.5184753,44.5270166 -104.5186664,44.5228235 -104.5238364,44.5224686 -104.5290063,44.5221134 -104.5341692,44.5217585 -104.5393319,44.5214033 -104.5444228,44.5214047 -104.5443635,44.5178553 -104.539271,44.5178386 -104.5341691,44.5180366 -104.534169,44.5143147 -104.5341254,44.5107167 -104.5290501,44.5107426 -104.5240392,44.5107683 -104.5239919,44.5071401 -104.5190114,44.5071504 -104.5189943,44.503507 -104.5189773,44.4998636 -104.5139201,44.4998986 -104.5138563,44.4962238 -104.5087793,44.4962216 -104.5086957,44.4925096 -104.5038907,44.4924723 -104.4990858,44.4924349 -104.4986749,44.4888422 -104.4982642,44.4852495 -104.4929958,44.4859069 -104.4877275,44.4865644 -104.4877759,44.4831924 -104.4825413,44.4837214 -104.4773064,44.4842502 -104.4773225,44.483729 -104.4774225,44.4806211 -104.4774227,44.4801016 -104.4774291,44.4769485 -104.4774292,44.4764734 -104.4774357,44.4732759 -104.4774296,44.4728451 -104.4773821,44.4696076 -104.4773766,44.4692305 -104.4773283,44.4659392 -104.4773173,44.4656162 -104.4772072,44.4623704 -104.4771947,44.4620024 -104.4770861,44.4588015 -104.4770835,44.4583888 -104.4770867,44.4551247 -104.4770848,44.4547672 -104.4770885,44.4514479 -104.4737896,44.4513452 -104.4690006,44.4511959 -104.467861,44.4511603 -104.4639357,44.4510378 -104.458871,44.4508794 -104.4582223,44.4508591 -104.4582337,44.4475535 -104.4582352,44.4470956 -104.458235,44.4433323 -104.4581658,44.4395898 -104.4580972,44.4358836 -104.4530491,44.4359035 -104.4530173,44.4322652 -104.4529903,44.4291873 -104.4529889,44.429024 -104.4529854,44.4286269 -104.4506858,44.4286988 -104.4503078,44.4287106 -104.4479943,44.4287828 -104.4429369,44.4287484 -104.4378794,44.428714 -104.4378985,44.4250879 -104.4379177,44.4214619 -104.4379368,44.4178358 -104.4367414,44.4178342 -104.4365113,44.4178339 -104.4328457,44.4178287 -104.4277546,44.4178214 -104.4277723,44.4214367 -104.4226996,44.4214238 -104.4227091,44.4223663 -104.4227184,44.4233026 -104.4227191,44.4233641 -104.4227212,44.4235794 -104.4227358,44.4250333 -104.422772,44.4286427 -104.4219405,44.4286388 -104.4217096,44.4286377 -104.4177362,44.4286189 -104.4126652,44.4286638 -104.4075942,44.4287086 -104.402697,44.4287025 -104.3977999,44.4286964 -104.3976812,44.4251048 -104.3926419,44.4251188 -104.392779,44.428714 -104.3877582,44.4287315 -104.3827538,44.4287469 -104.3777493,44.4287624 -104.3775665,44.4251577 -104.3724889,44.425167 -104.3726718,44.4287726 -104.3675944,44.4287829 -104.3676799,44.4325181 -104.3626009,44.4325479 -104.3575219,44.4325774 -104.3576044,44.4363515 -104.3531896,44.4363679 -104.3532579,44.4401173 -104.3481578,44.4401075 -104.3481972,44.4423757 -104.3482227,44.4438429 -104.3533265,44.4438747 -104.3533856,44.4475115 -104.3578699,44.4475338 -104.3579762,44.4511679 -104.3579112,44.4547817 -104.3578461,44.4583954 -104.3628299,44.4583959 -104.3678845,44.4583964 -104.3679552,44.4583964 -104.3679347,44.4620176 -104.3679141,44.4656388 -104.3679131,44.4658136 -104.3678956,44.4692577 -104.3678777,44.4727803 -104.3678782,44.4728767 -104.3678965,44.4764967 -104.3679147,44.4801167 -104.367933,44.4837373 -104.3679354,44.4842152 -104.3679235,44.4873579 -104.3679217,44.487833 -104.3678872,44.4909758 -104.3678811,44.4915267 -104.3678244,44.4952182 -104.3678164,44.4982131 -104.3678068,44.5018323 -104.3627753,44.5018333 -104.3628269,44.505453 -104.3628785,44.5090725 -104.3628916,44.5099975 -104.3629043,44.5126911 -104.362909,44.5136732 -104.3629209,44.5163097 -104.3627299,44.5163099 -104.3578625,44.5163139 -104.3578664,44.5173492 -104.3578197,44.5199335 -104.3578059,44.5207913 -104.3532703,44.52076 -104.3482161,44.5207249 -104.348162,44.5242073 -104.3481078,44.5277028 -104.3480519,44.5313055 -104.3464425,44.531327 -104.3430349,44.5313708 -104.3414233,44.5313923 -104.338018,44.5314362 -104.3364038,44.5314577 -104.3329888,44.5315078 -104.3313847,44.5315305 -104.3279594,44.5315808 -104.3263654,44.5316034 -104.3263043,44.5353865 -104.3262432,44.5391696 -104.3211917,44.5392524 -104.3161402,44.5393349 -104.3160468,44.5431277 -104.3159534,44.5469205 -104.316465,44.5507147 -104.3169766,44.5545088 -104.3171016,44.558085 -104.3172267,44.5616613 -104.3117316,44.5618683 -104.3062365,44.5620754 -104.3064915,44.5655446 -104.3067466,44.5690138 -104.3014653,44.5690938 -104.3018245,44.5724615 -104.3021837,44.575829 -104.2971217,44.5758578 -104.2970536,44.5795604 -104.2969854,44.5832629 -104.2969173,44.5869653 -104.2968492,44.5906678 -104.2966378,44.5943043 -104.2964265,44.5979407 -104.2962152,44.6015772 -104.2960039,44.6052136 -104.2909972,44.6051289 -104.2859904,44.6050441 -104.2809837,44.6049593 -104.2759769,44.6048746 -104.2709365,44.6048566 -104.2658962,44.6048385 -104.2608558,44.6048205 -104.2558155,44.6048024 -104.2507901,44.6050269 -104.2457647,44.6052512 -104.2406198,44.6050465 -104.2355529,44.6048449 -104.2354748,44.6048418 -104.2354157,44.6084557 -104.2353583,44.6119601 -104.2353565,44.6120696 -104.2354343,44.6120692 -104.2402359,44.6120462 -104.2451153,44.6120226 -104.2447682,44.6156408 -104.2444172,44.6192992 -104.2500199,44.6192589 -104.2556226,44.6192184 -104.2606785,44.6192154 -104.2657344,44.6192123 -104.2707903,44.6192092 -104.2758462,44.6192062 -104.2809013,44.6192148 -104.2859564,44.6192235 -104.2910115,44.6192321 -104.2960667,44.6192408 -104.3011321,44.6192521 -104.3010512,44.6228604 -104.3061088,44.622863 -104.3061976,44.6192635 -104.3112616,44.6192778 -104.3163255,44.6192921 -104.3214031,44.6193044 -104.3264807,44.6193167 -104.326329,44.6229699 -104.3261774,44.6266231 -104.3260235,44.6303279 -104.3258696,44.6340326 -104.3258472,44.6375712 -104.3258248,44.6411098 -104.3258019,44.644715 -104.3208684,44.6446177 -104.3208619,44.6482531 -104.3209117,44.6518854 -104.3160153,44.6518452 -104.3160858,44.6555044 -104.3109736,44.6554805 -104.3058613,44.6554563 -104.3059396,44.6591165 -104.3059838,44.6611822 -104.3059856,44.6612643 -104.30599,44.661471 -104.3059907,44.6615015 -104.3060179,44.6627766 -104.3111224,44.6627997 -104.3110756,44.6604964 -104.3110751,44.6604736 -104.3110692,44.6601826 -104.3110688,44.6601627 -104.311048,44.6591401 -104.3152166,44.6591593 -104.3153669,44.65916 -104.3160759,44.6591633 -104.3161564,44.6591636 -104.3162269,44.6628229 -104.3160862,44.6665035 -104.3159454,44.6701842 -104.3208826,44.6701435 -104.3207957,44.6738258 -104.3207089,44.6775079 -104.3207899,44.6810708 -104.3208709,44.6846335 -104.3211983,44.6882533 -104.3263268,44.688203 -104.3313337,44.6881539 -104.3311477,44.6845356 -104.3361645,44.6844875 -104.3363406,44.6881045 -104.3365167,44.6917215 -104.3416087,44.6917054 -104.3467006,44.6916894 -104.3517926,44.6916734 -104.3565395,44.6916585 -104.3565196,44.695439 -104.3564995,44.6992195 -104.3565333,44.702752 -104.3565497,44.704818 -104.3565603,44.7062852 -104.3571327,44.7095316 -104.3572745,44.710385 -104.3572869,44.7127826 -104.3572932,44.7139967 -104.3573037,44.7160342 -104.3573119,44.7176084 -104.3573206,44.7192858 -104.3573361,44.7212201 -104.357349,44.722915 -104.3573642,44.7248318 -104.3524315,44.7247912 -104.3471461,44.7247479 -104.3471715,44.7283758 -104.347197,44.7320037 -104.3472224,44.7356131 -104.3472477,44.7392225 -104.3526042,44.7392516 -104.3531608,44.7392546 -104.3531992,44.7392549 -104.3574784,44.7392783 -104.3574406,44.7410404 -104.3573983,44.7430442 -104.3573635,44.744649 -104.3573184,44.7468101 -104.3573301,44.7482576 -104.3573476,44.7504017 -104.3573587,44.7518945 -104.3573757,44.7539934 -104.3524769,44.7539442 -104.3471541,44.7538907 -104.3418327,44.7538367 -104.3365113,44.7537826 -104.3364921,44.7574498 -104.3364728,44.761117 -104.3364526,44.7646756 -104.3364324,44.7682342 -104.3364546,44.7718644 -104.3364768,44.7754946 -104.3365452,44.7791245 -104.3366136,44.7827544 -104.3371613,44.7859231 -104.3377091,44.7890918 -104.3382617,44.7922613 -104.3388198,44.795463 -104.3440043,44.7954861 -104.3491887,44.7955092 -104.3543734,44.7955255 -104.3590371,44.7955396 -104.3590187,44.7922646 -104.3613103,44.7922618 -104.3615923,44.7922617 -104.3663904,44.7922489 -104.3666723,44.7922488 -104.3714704,44.792236 -104.3717524,44.792236 -104.3728678,44.7922353 -104.3765511,44.7922216 -104.3768331,44.7922243 -104.3778217,44.7922282 -104.38167,44.7922436 -104.3819835,44.7922449 -104.3867891,44.7922641 -104.3871347,44.7922655 -104.3919083,44.7922777 -104.3922112,44.7922785 -104.3972882,44.7922915 -104.4023546,44.7922906 -104.407421,44.7922896 -104.4124873,44.7922887 -104.4175537,44.7922877 -104.4226206,44.7923028 -104.4276875,44.792318 -104.4282362,44.7886133 -104.4287944,44.7848433 -104.429355,44.7810572 -104.4299155,44.7772712 -104.4248479,44.7774151 -104.4197802,44.7775589 -104.4196625,44.7739413 -104.4195448,44.7703237 -104.419429,44.7667091 -104.4193133,44.7630944 -104.4191871,44.7594622 -104.419061,44.75583 -104.4189342,44.7521904 -104.4188075,44.7485508 -104.4185932,44.7448987 -104.4183789,44.7412466 -104.4183578,44.7376019 -104.4183367,44.7339573 -104.4130344,44.7339985 -104.4128138,44.7303367 -104.4102168,44.7303562 -104.4076197,44.7303757 -104.4075045,44.7267118 -104.4074084,44.7230708 -104.4073123,44.7194297 -104.412394,44.7193761 -104.4174758,44.7193225 -104.4172513,44.7157414 -104.4122178,44.7157818 -104.4120415,44.7121874 -104.4119519,44.7085791 -104.406928,44.7086004 -104.4018601,44.7086219 -104.4017374,44.7050025 -104.4067998,44.7049867 -104.4076199,44.7014074 -104.4084442,44.697809 -104.4091485,44.6947341 -104.4098527,44.6916592 -104.4148879,44.691518 -104.419923,44.6913768 -104.4199146,44.6877726 -104.4199061,44.6841685 -104.4198977,44.6805644 -104.4198892,44.6769602 -104.4249147,44.676887 -104.4299401,44.6768138 -104.4349655,44.6767406 -104.4399909,44.6766673 -104.4397747,44.6730233 -104.4395585,44.6693792 -104.4393423,44.6657352 -104.439126,44.6620911 -104.4389933,44.6584145 -104.4440244,44.6582999 -104.4490554,44.6581851 -104.4488464,44.6545329 -104.448636,44.6508562 -104.4484255,44.6471795 -104.4435103,44.647282 -104.438595,44.6473844 -104.4384647,44.6438268 -104.4383343,44.6402693 -104.4433672,44.6401679 -104.4433421,44.6365457</coordinates></LinearRing></outerBoundaryIs></Polygon></MultiGeometry>
  </Placemark>
</Folder>
</Document></kml>
