<?xml version="1.0" encoding="utf-8" ?>
<kml xmlns="http://www.opengis.net/kml/2.2">
<Document id="root_doc">
<Schema name="BlackHills" id="BlackHills">
	<SimpleField name="ADMINFORES" type="string"></SimpleField>
	<SimpleField name="REGION" type="string"></SimpleField>
	<SimpleField name="FORESTNUMB" type="string"></SimpleField>
	<SimpleField name="FORESTORGC" type="string"></SimpleField>
	<SimpleField name="FORESTNAME" type="string"></SimpleField>
	<SimpleField name="GIS_ACRES" type="float"></SimpleField>
	<SimpleField name="SHAPE_AREA" type="float"></SimpleField>
	<SimpleField name="SHAPE_LEN" type="float"></SimpleField>
</Schema>
<Folder><name>BlackHills</name>
  <Placemark>
	<Style><LineStyle><color>ff0000ff</color></LineStyle><PolyStyle><fill>0</fill></PolyStyle></Style>
	<ExtendedData><SchemaData schemaUrl="#BlackHills">
		<SimpleData name="ADMINFORES">99020300010343</SimpleData>
		<SimpleData name="REGION">02</SimpleData>
		<SimpleData name="FORESTNUMB">03</SimpleData>
		<SimpleData name="FORESTORGC">0203</SimpleData>
		<SimpleData name="FORESTNAME">Black Hills National Forest</SimpleData>
		<SimpleData name="GIS_ACRES">1537476.897</SimpleData>
		<SimpleData name="SHAPE_AREA">0.698262966184</SimpleData>
		<SimpleData name="SHAPE_LEN">14.4121329819</SimpleData>
	</SchemaData></ExtendedData>
      <MultiGeometry>
		<Polygon>
			<outerBoundaryIs>
				<LinearRing>
					<coordinates>-104.06481818018,44.0306735852651 -104.064651181524,44.0342465730813 -104.059654764604,44.0342249364872 -104.059367756028,44.0378210643783 -104.059079587452,44.0414135322734 -104.054879660046,44.041412755138 -104.054879400158,44.041737134931 -104.054878720455,44.042591074386 -104.054877471001,44.0441671633801 -104.054876811293,44.0450074428439 -104.054875961711,44.0462129620745 -104.054875222124,44.0474017613157 -104.054874472536,44.0485905505569 -104.054873602968,44.0498349797626 -104.054872103779,44.0521736282699 -104.054871883882,44.0524708780802 -104.054871663989,44.0527800278829 -104.054872334224,44.05345705745 -104.054875365019,44.0557578659783 -104.054876385344,44.0566969253778 -104.05487678547,44.0570606651452 -104.054878435903,44.0583131343441 -104.054879786258,44.0593421136859 -104.054879986335,44.0595634035444 -104.054880936716,44.0606645728404 -104.054882347244,44.0621923918636 -104.054882997486,44.0628913514167 -104.054884187963,44.0642684805363 -104.054886168714,44.0664405991475 -104.054886558874,44.0669023288523 -104.05488655921,44.0678727882324 -104.054886849944,44.0699903468797 -104.054886880052,44.0703032266798 -104.054887020465,44.0714940559191 -104.054887301173,44.073540084612 -104.05488558172,44.0751147136075 -104.054885531733,44.0751517635838 -104.054884811918,44.0756843632442 -104.054882952396,44.077061272366 -104.054881022975,44.078729121302 -104.054878653619,44.0805824601199 -104.054878213894,44.0813769196128 -104.054879073953,44.081546249504 -104.054879573986,44.0816448594407 -104.054879934014,44.08172383939 -104.054883854306,44.0825733388446 -104.054885294402,44.0828553386635 -104.054891684831,44.0841024478625 -104.057822033032,44.0841152158032 -104.058059692887,44.0841162456362 -104.058965442331,44.0841201749996 -104.058871243624,44.0876816627848 -104.059005704808,44.0913368503494 -104.059140135993,44.0949920479137 -104.06391950311,44.0951468844468 -104.068642300261,44.0952996710206 -104.068698890227,44.0953015009795 -104.068661431574,44.0991154685477 -104.068588721618,44.0991116986015 -104.063891504418,44.0988680420756 -104.059121617263,44.0986204256027 -104.054869369884,44.098645698589 -104.054819290615,44.1006666773335 -104.054780201185,44.1022446363533 -104.054728011928,44.1042948250809 -104.05469705237,44.1055162743227 -104.054682962571,44.1060721339777 -104.054646663089,44.1075023730901 -104.054635993241,44.1079229128291 -104.054585693957,44.1098998016023 -104.059127951242,44.1101063582412 -104.063942928289,44.1101135348135 -104.068647245405,44.1101203714646 -104.068757895337,44.1101205313858 -104.068826746578,44.1138156989549 -104.073725303565,44.1137917254802 -104.073703772305,44.1101274778651 -104.073683171061,44.106513070217 -104.078675407992,44.1065009366833 -104.083666025024,44.1067735829655 -104.083656303773,44.103165225321 -104.078701176712,44.1028676090223 -104.078685565462,44.0992455313833 -104.08366307246,44.0994043077641 -104.088640579457,44.0995628441444 -104.088611390834,44.1034628716184 -104.088656652055,44.1070460292466 -104.088701903276,44.1106291968746 -104.083675756274,44.11038183061 -104.08368573753,44.1140080482426 -104.088747634509,44.1142482744788 -104.088793335742,44.1178673520827 -104.088762227055,44.1215817096794 -104.083680520067,44.1212857335094 -104.078598843079,44.1209895273383 -104.0737166461,44.1210708007791 -104.073686487375,44.1246855984631 -104.068773370423,44.1247928219171 -104.068715711652,44.1282279497443 -104.073656578613,44.1281943162156 -104.078597435575,44.1281604826872 -104.083648952617,44.128552808802 -104.083632593886,44.1321682464606 -104.078595276822,44.1317427903647 -104.073626659851,44.1317029439682 -104.06865802288,44.1316631075716 -104.063713465998,44.1319222409654 -104.058768879116,44.1321813843603 -104.058811237846,44.1285949966265 -104.058853586577,44.1250086488927 -104.05889341526,44.1212818712509 -104.054720507817,44.1212788142392 -104.054731968117,44.1221637036658 -104.054735228202,44.1224153835028 -104.054768849078,44.1250015718269 -104.054777859313,44.1256980413757 -104.054782239428,44.1260367911562 -104.054784469487,44.1262106010436 -104.05478762957,44.1264566908841 -104.054779320265,44.1284470696188 -104.054778160362,44.1287246394424 -104.054777610412,44.128868449351 -104.054774550688,44.1296603988474 -104.054762591662,44.1324478270757 -104.054761211796,44.1328332468305 -104.054759591953,44.1332841165437 -104.054749602954,44.1361542947178 -104.054746883217,44.1369081942383 -104.054737904118,44.139494452593 -104.054737364173,44.139650022494 -104.054736634246,44.1398607623599 -104.054734974407,44.1403235620656 -104.05473422448,44.1405323219328 -104.054733344564,44.1407718117805 -104.05473286461,44.1409052216956 -104.054733814736,44.1412691314625 -104.054739815528,44.1435672499904 -104.054740615629,44.1438579298042 -104.05474142573,44.1441510096164 -104.054749226775,44.1471814876753 -104.054749456807,44.1472738576161 -104.058370434603,44.1473032949662 -104.058662384425,44.1473056647525 -104.059170794116,44.1473097843805 -104.06416613106,44.1473073207522 -104.069161498005,44.147304847124 -104.074156824949,44.1473023834958 -104.074134726293,44.151129911036 -104.074123956948,44.1529944698377 -104.074122897013,44.1531784297195 -104.074112617637,44.1549573285763 -104.073242988165,44.1549461792182 -104.073011268305,44.1549432093893 -104.069450240465,44.1548974720178 -104.069083810688,44.1548927622883 -104.069057830703,44.1548924323075 -104.064122233697,44.1548288359506 -104.061481275299,44.1547947178999 -104.061161905493,44.1547905881356 -104.059160706707,44.1547646896127 -104.054767229388,44.1547542128257 -104.054767979483,44.1550302426488 -104.054769009606,44.1553868524204 -104.054769350243,44.1572268012449 -104.054769410661,44.1584333704743 -104.054769410683,44.1584947104351 -104.054769410717,44.1585942603715 -104.054769410738,44.1586534603337 -104.054769420763,44.1587280302861 -104.054769831978,44.1622354280457 -104.054769831993,44.162277088019 -104.054763343244,44.1658752857257 -104.054763323248,44.1658887557171 -104.054763323252,44.1658986057109 -104.054763313281,44.165982895657 -104.054762563421,44.1663848054009 -104.054756304584,44.1697303632687 -104.054756304633,44.1698733631774 -104.054755525712,44.17298608119 -104.054755395893,44.1735086308563 -104.054755356016,44.1738637606295 -104.05475522641,44.1749994899043 -104.054755226415,44.1750127498958 -104.054754927153,44.1771431285354 -104.054754178278,44.1803897164625 -104.054754158309,44.1804785864057 -104.058305316137,44.1804571237893 -104.059116405641,44.1804529031913 -104.06273375343,44.1804341305242 -104.063478672974,44.1804295999754 -104.063506922957,44.1804294699545 -104.063510702954,44.1804294499517 -104.067161950723,44.1804121372587 -104.06839305997,44.1804065063505 -104.071590418016,44.1803919239919 -104.073307406966,44.1803829527261 -104.076018055326,44.1804179306959 -104.07822575399,44.1804452990431 -104.079719883086,44.1804638179245 -104.080938372348,44.1804789170122 -104.083144141013,44.1805066953604 -104.08585894936,44.180512363346 -104.088058188021,44.1805165417144 -104.090780026364,44.180521709695 -104.092972255029,44.1805263780683 -104.095700703375,44.1805526660301 -104.097904802039,44.1805724643846 -104.100584170414,44.1805965323842 -104.102837349048,44.1806178407013 -104.105467967444,44.1806165987535 -104.107743926056,44.1806146170691 -104.107757206048,44.1806146070592 -104.110351834465,44.1806123551388 -104.112650463064,44.1806114434368 -104.115211881524,44.1806733314985 -104.115327931454,44.1806762114106 -104.117519400137,44.1807303997513 -104.120247958498,44.1807978976851 -104.122388327212,44.1808508560642 -104.125285485456,44.1808800738985 -104.127418104164,44.1809015523042 -104.130324062403,44.1809308701317 -104.132373211161,44.1809515085998 -104.132447881116,44.1809522585439 -104.132448411153,44.1810607084708 -104.132465842391,44.1846164560702 -104.132483783666,44.1882806435964 -104.132501764941,44.1919448611225 -104.132519696216,44.1956090586486 -104.132539447493,44.1992798861688 -104.132559198769,44.202950723689 -104.132578950045,44.206621581209 -104.132598691322,44.2102924087291 -104.132617832599,44.2139631062496 -104.132636993875,44.2176337937701 -104.132656155152,44.2213044912904 -104.132675296429,44.2249751788108 -104.132695077709,44.2286564563235 -104.132714818989,44.2323377338362 -104.132734600269,44.2360190113487 -104.13275435155,44.2397002588613 -104.132775422836,44.2434023363588 -104.132796514123,44.2471044238562 -104.132817595993,44.2508065019982 -104.132838709957,44.2545085424509 -104.13285093391,44.2581960529087 -104.132863157863,44.2618835333665 -104.132869271808,44.2655602738275 -104.132875275719,44.2692056742847 -104.132785249709,44.2728701048187 -104.132695223698,44.2765345253528 -104.132605187688,44.2801989558871 -104.132515161676,44.2838633864215 -104.13752652863,44.28380516252 -104.142537895583,44.2837469286186 -104.147551122527,44.283681894715 -104.152564319472,44.2836168908116 -104.157607246503,44.2836489168971 -104.162650173534,44.2836809429824 -104.167693120566,44.2837129690677 -104.172736047598,44.2837449851529 -104.172667351827,44.2876027356629 -104.172598686057,44.2914604761731 -104.17765938287,44.2912904522125 -104.182720089682,44.2911201682524 -104.187681316557,44.2909530243703 -104.19264251343,44.2907856504886 -104.197724160488,44.2908530965401 -104.202805827547,44.2909202925914 -104.207958924563,44.290988208587 -104.21311205158,44.2910558745824 -104.213049487693,44.2874813242381 -104.212986903805,44.2839067638938 -104.212963869827,44.2802703135118 -104.212940845848,44.2766338731298 -104.212911951877,44.2730011527527 -104.212883087907,44.2693684223756 -104.217842864785,44.2692351885219 -104.222802621664,44.2691019846686 -104.227764908556,44.2689832808152 -104.232586045537,44.2688680770716 -104.237643632465,44.2688337031537 -104.242701199392,44.2687993592359 -104.247731146344,44.2687715453403 -104.252761103126,44.2687437216856 -104.257792349775,44.2687205882284 -104.262823626423,44.2686974447712 -104.267763063163,44.2687015913798 -104.272702469902,44.2687056979884 -104.277738906566,44.2686989545293 -104.282775343229,44.2686921710703 -104.282777527207,44.2723320914053 -104.282779701186,44.2759719817404 -104.282781875167,44.2796136220756 -104.282784019147,44.2832552624108 -104.287788325764,44.2832180089494 -104.292792602381,44.283180775488 -104.297948828943,44.2831856619256 -104.303105065505,44.2831905483631 -104.302962099524,44.2868100987748 -104.302819133543,44.2904296391868 -104.302676757545,44.2940334195973 -104.302534351548,44.2976372200082 -104.303005665219,44.3013168799986 -104.303477008887,44.3049965699879 -104.298456082251,44.3049588334866 -104.293435155615,44.3049208369852 -104.293835569374,44.3086246170362 -104.294235963131,44.3123283570863 -104.289336846469,44.312327350514 -104.284437699808,44.3123263639417 -104.279245043478,44.3124465775861 -104.27405241715,44.3125667912309 -104.268878030722,44.3126076748555 -104.263703654295,44.3126485484803 -104.263514698459,44.3163083289719 -104.263325752623,44.319968149464 -104.263134576836,44.3236698999621 -104.26294341105,44.3273716804606 -104.262989634987,44.3309710807821 -104.263035858924,44.3345705011034 -104.263082562901,44.3382056414279 -104.263129266877,44.3418407617522 -104.2632409708,44.3454695120297 -104.263352694723,44.349098272307 -104.263464598652,44.3527323625844 -104.263576492579,44.3563654728615 -104.258519016177,44.3564070664705 -104.253461569775,44.3564486500796 -104.248246163237,44.3564697639385 -104.243030796253,44.3564907980726 -104.237815419269,44.3565118622066 -104.232600052285,44.3565329363407 -104.232649188186,44.3528445059114 -104.232698334086,44.3491560854821 -104.232755889981,44.3454668050462 -104.232813415876,44.3417775146104 -104.232794781849,44.338119594238 -104.23277655791,44.3345413138737 -104.232776167822,44.3344616738656 -104.232768583811,44.3308235834866 -104.2327609698,44.3271854631076 -104.232753805781,44.3235401027274 -104.232746661761,44.3198947123473 -104.232749747745,44.3162574819599 -104.232752833728,44.3126202515726 -104.228008476537,44.3126418052901 -104.222936389539,44.3126646892645 -104.220246331127,44.312673641372 -104.219941121307,44.3126746616111 -104.217865322533,44.3126815232374 -104.212794265528,44.3126983472104 -104.212794395838,44.3129813372414 -104.212794526157,44.3132711272732 -104.212795959555,44.3163671576126 -104.212797623581,44.3200359380148 -104.212799297608,44.3237047384171 -104.212800961635,44.3273735188193 -104.207736764527,44.3273212027948 -104.20267255742,44.3272688667701 -104.197608360313,44.3272165207454 -104.192544163206,44.3271641747206 -104.192516997204,44.3308120051586 -104.192489831203,44.3344598655967 -104.192486881578,44.3348023456381 -104.192485331776,44.33498289566 -104.192458495201,44.3381055260379 -104.192427129199,44.3417511664791 -104.192500630104,44.3426186565202 -104.192516310297,44.3428036865289 -104.192735923,44.3453954966515 -104.193044686801,44.3490398268235 -104.193343310625,44.3526988270048 -104.19334995071,44.3527801170087 -104.193364600897,44.3529596070176 -104.193647324517,44.3564230471887 -104.193602798526,44.3600706076398 -104.193558272535,44.363718128091 -104.193518265213,44.3661491183999 -104.193514925437,44.3663524684257 -104.193500296416,44.3672412385387 -104.193471268359,44.3690055787629 -104.193468028576,44.3692021687879 -104.193442320296,44.3707643389865 -104.19336885443,44.3745117494724 -104.193295348564,44.3782591899583 -104.193211652699,44.382002530452 -104.193127926834,44.385745880946 -104.1880857297,44.3857603049731 -104.183043532565,44.3857747490003 -104.183025663235,44.386381029085 -104.182987074683,44.387690549268 -104.182934556652,44.389472079517 -104.182932866716,44.389529439525 -104.182927566915,44.3897092295502 -104.18282559074,44.3931694300339 -104.18271675482,44.3968603705502 -104.182705045259,44.3972572306057 -104.18269888549,44.397466370635 -104.1826079189,44.4005512810666 -104.177552241642,44.4004659751084 -104.176183292385,44.4004428962028 -104.175930012522,44.4004386264053 -104.172496574384,44.4003806591501 -104.172519995043,44.4009993892045 -104.172633218258,44.4040185394712 -104.172655088892,44.4046137695242 -104.172769232132,44.4076564297927 -104.172790232741,44.4082281298435 -104.172905296007,44.4112943401139 -104.172925436591,44.4118425101626 -104.172936116894,44.4121272401877 -104.172942917087,44.4123084902036 -104.173041379882,44.4149322204349 -104.173073380433,44.4154565604712 -104.173265423708,44.4185705506849 -104.173296344241,44.4190768107198 -104.173489487535,44.4222081609345 -104.173519328049,44.4226970809682 -104.173713581362,44.4258459611837 -104.173742361858,44.4263173212162 -104.173937675189,44.4294832014325 -104.173939315681,44.4299374614848 -104.173950349133,44.4331208918519 -104.173952259606,44.4335570619019 -104.173964853076,44.4367585722698 -104.17396665353,44.4371766323177 -104.173977767021,44.440396262689 -104.173979627474,44.4408143227369 -104.17399457101,44.4440772831101 -104.168891104119,44.4443661372811 -104.163839827203,44.4446594814109 -104.163786957236,44.4446625914542 -104.160784499068,44.4448369939092 -104.160631469162,44.4448458840344 -104.158786630288,44.4449529955429 -104.15868465035,44.4449589956264 -104.153733403372,44.4452465996757 -104.153582343464,44.4452554297992 -104.153575885931,44.4475365900836 -104.153575566052,44.4476479100975 -104.15357248723,44.4487372202332 -104.153562630996,44.4522190106673 -104.153552734763,44.4557008011015 -104.153542878529,44.4591825915355 -104.148481301885,44.4597444957234 -104.144221794708,44.4602173692487 -104.143937964896,44.4602488794836 -104.143419715239,44.4603063999126 -104.143743308797,44.4637720000804 -104.144066912355,44.4672376002477 -104.144131243062,44.4679264202809 -104.144132003071,44.4679346302813 -104.1441528733,44.4681580702921 -104.14415469332,44.468177520293 -104.144398235998,44.4707851204184 -104.144729579642,44.4743326105887 -104.139006143386,44.4749464153409 -104.133282697127,44.4755602200946 -104.134083069949,44.4785875398234 -104.134883402772,44.4816148895512 -104.134842126698,44.4852477100437 -104.129525539657,44.485351894412 -104.124208912615,44.4854558687806 -104.124068238904,44.4819214084415 -104.120319821028,44.4820274115231 -104.119068521737,44.4820627725518 -104.118919891822,44.482066972674 -104.118909331827,44.4820672726827 -104.118805091887,44.4820702127684 -104.118791651894,44.4820705927794 -104.117817412446,44.4820981135804 -104.11406874457,44.4822039166625 -104.114057218265,44.4856562571228 -104.11404567196,44.4891085675832 -104.108953474727,44.4891521517643 -104.103846107503,44.4891958359579 -104.098904870148,44.4892004000102 -104.093963652793,44.4892049740624 -104.088952205506,44.4892379181761 -104.088816531637,44.4855233077826 -104.088680857769,44.4818086073889 -104.088539173909,44.4780976270003 -104.088397530048,44.4743865666115 -104.083244662849,44.4744097408239 -104.078094555648,44.4744328750341 -104.072944438447,44.4744560192443 -104.067801820965,44.4742169034118 -104.062924263354,44.4739901473639 -104.062671323478,44.4739783875688 -104.062659213484,44.4739778175786 -104.055885946825,44.473684133069 -104.055888697252,44.474091773125 -104.055889517562,44.4743869831664 -104.055890197823,44.4746361932014 -104.051929909955,44.4746350464365 -104.051763070045,44.4746350365728 -104.051452200213,44.4746350068268 -104.046875912676,44.474633320565 -104.046390612937,44.4746332909615 -104.041821905397,44.4746316046935 -104.041329025662,44.4746315650962 -104.036784174917,44.4746325325861 -104.036748094692,44.4746325126082 -104.036495393115,44.4746324327626 -104.036443022789,44.4746324127946 -104.036446112301,44.4750291132403 -104.036454790933,44.4761416944902 -104.036466719054,44.4776709562083 -104.036495214574,44.481319400308 -104.033797187379,44.4812800418419 -104.033545515776,44.481276371985 -104.03148049262,44.4812462031595 -104.031483151764,44.481872453852 -104.026425319377,44.4818664867922 -104.026458394071,44.485522280751 -104.021402951217,44.4855505036526 -104.016359798556,44.4855101964742 -104.016336164777,44.4818538426571 -104.021367476991,44.4818602597323 -104.021332642666,44.4782368758842 -104.026393234644,44.4782442128702 -104.026361119916,44.4746217789491 -104.021644130507,44.4746139218257 -104.021297838348,44.474613472037 -104.016599799058,44.4746056749024 -104.016287617112,44.4746051450929 -104.011555487612,44.4745972879794 -104.011277415878,44.4745969781492 -104.006510946165,44.4745892310572 -104.006235434448,44.4745887812252 -104.001466444721,44.4745810141351 -104.001193433019,44.4745807343018 -103.996410545174,44.474573013174 -103.996122365141,44.47457257463 -103.991354654585,44.4745648987177 -103.991051304548,44.4745649002508 -103.986301673982,44.4745629342529 -103.985999583946,44.4745627957795 -103.986011047536,44.4781894397191 -103.986022551124,44.4818159236577 -103.986032324717,44.4854385776002 -103.986040769161,44.4885788910174 -103.985575609264,44.488582233428 -103.980977930285,44.4886153672553 -103.980636610362,44.488617589024 -103.980774174408,44.4922375724651 -103.98091175843,44.4958575258975 -103.97831208951,44.4958609795151 -103.978027329628,44.4958613610068 -103.975917980505,44.4958641120561 -103.970924232583,44.4958704382147 -103.97084139759,44.4922796742229 -103.970758592583,44.4886889202259 -103.970852122562,44.4886882997411 -103.970844507049,44.4854497057891 -103.970843697586,44.4850622953158 -103.965821038243,44.4851190712248 -103.960798398915,44.4851756471383 -103.960764612965,44.4815974725927 -103.960731386948,44.4780739881143 -103.955683996751,44.4781129038283 -103.950636576564,44.4781515895456 -103.95064045972,44.4745444444548 -103.945975249157,44.4745454380329 -103.945686459123,44.4745455194925 -103.94093844855,44.4745465234892 -103.940732438525,44.4745465745304 -103.939500358377,44.4745468607575 -103.939240318346,44.4745469120717 -103.935881357941,44.4745475990482 -103.935778347928,44.4745476295688 -103.930824267332,44.4745486846072 -103.93076950868,44.4709196191631 -103.930714750019,44.4672905537156 -103.93062024133,44.4636646284668 -103.930525762624,44.460038683212 -103.925333690105,44.4600086487562 -103.920255487633,44.4599793737378 -103.920311137262,44.4636164895234 -103.920360376926,44.4668351046405 -103.920363656903,44.4670489449804 -103.920366786881,44.4672536153056 -103.925461288428,44.4672719199079 -103.925505327569,44.4709020055745 -103.925549366701,44.4745317412378 -103.92047794609,44.4745158768404 -103.920493665681,44.4781222727641 -103.915410775528,44.4780957685624 -103.915390825474,44.474488292501 -103.91030367485,44.4744607081593 -103.905186924213,44.4744239839483 -103.900070133566,44.4743872597343 -103.90006962302,44.4730288072375 -103.900069552947,44.4728455569007 -103.900068762109,44.4707598030672 -103.89498595099,44.4707204485151 -103.895018529076,44.4670902415151 -103.895051107165,44.4634535445049 -103.900066049189,44.4634918997086 -103.900064687726,44.4598514230172 -103.89508367526,44.4598166974964 -103.890102672785,44.4597820019727 -103.885082560313,44.4597859767148 -103.880062407841,44.4597899514574 -103.875032185355,44.4597834462284 -103.870001952867,44.4597769509989 -103.864991250408,44.4597863657067 -103.862906859635,44.4599764063869 -103.859966090109,44.4613273638316 -103.859931640116,44.4613431940364 -103.859024950303,44.4617596894288 -103.858278322344,44.4633876266992 -103.858264062383,44.4634186968382 -103.857684364011,44.4646825924977 -103.854898266465,44.4669419313748 -103.854865006496,44.4669689116008 -103.854877433782,44.465206667613 -103.849825401973,44.4652008627265 -103.849833639024,44.4634331386711 -103.849850512983,44.4598105803611 -103.844812560472,44.4597935851451 -103.839774577956,44.4597766099279 -103.834677075467,44.4597889950729 -103.829579532982,44.4598014102193 -103.829571685086,44.4561833814123 -103.829569412805,44.4551383388683 -103.829568622004,44.4547713579749 -103.829563827188,44.4525653326047 -103.829536949299,44.4489582939156 -103.829510071405,44.4453512652248 -103.829477883439,44.441716156489 -103.829445695468,44.4380810177511 -103.829445737624,44.4344903689683 -103.829445799781,44.4308997001853 -103.824507793745,44.4308994232903 -103.824449653673,44.4308994235623 -103.819593197737,44.4308990862855 -103.819453477566,44.4308990669392 -103.819191117247,44.4308996381683 -103.81441096143,44.4309099305619 -103.812224828771,44.4309146608036 -103.811799838255,44.4309155727946 -103.809368425298,44.4309207641854 -103.809361945054,44.4345486837149 -103.809355464812,44.4381766332448 -103.804998070333,44.4381933239502 -103.799935995134,44.4382124880049 -103.799959525732,44.4418224076367 -103.799983046325,44.445432347267 -103.794940262025,44.4454369615046 -103.794929651007,44.441834181676 -103.789899786284,44.4418457157156 -103.789902124842,44.4382498256886 -103.784866669594,44.4382416295447 -103.779831204344,44.4382331933994 -103.779813901809,44.4345918030236 -103.779796599271,44.4309504126468 -103.775511374132,44.4309767427765 -103.774826843312,44.4309809459922 -103.77045066807,44.4310078265513 -103.769857057357,44.4310107493381 -103.765394571829,44.430988060155 -103.764888081202,44.4309855025176 -103.76033847556,44.4309623637389 -103.759919125039,44.4309601956948 -103.755281989373,44.4309588373908 -103.754915668925,44.4309587291048 -103.750225513194,44.4309573710488 -103.749912242547,44.4309572320979 -103.745174062739,44.4309481821905 -103.744894891572,44.4309476321959 -103.740122591621,44.4309385022896 -103.739877560597,44.4309380622945 -103.73507115044,44.430913852344 -103.734855169534,44.4309127623462 -103.730019709253,44.4308884123976 -103.729832758469,44.4308874723996 -103.724945268056,44.4308830125129 -103.72478103737,44.4308828425166 -103.719870796862,44.4308783526307 -103.719729346271,44.4308782426341 -103.716279141805,44.4308621726767 -103.715285297638,44.4308575226891 -103.714904926043,44.4308557326938 -103.714796375587,44.4308552226951 -103.714725655291,44.430854892696 -103.713722521085,44.4308502327087 -103.70972198431,44.4308315427595 -103.709733568961,44.4272988226068 -103.704685847711,44.4272733627794 -103.704682521828,44.4236501524825 -103.709745433218,44.4236755821935 -103.709754437465,44.4200525917805 -103.709763431713,44.4164295913672 -103.704673190091,44.4164127719153 -103.700292771484,44.4163982823878 -103.699582908468,44.4163959524645 -103.694718057771,44.4163727729706 -103.694603437284,44.4163722129825 -103.69454849705,44.4163719929884 -103.694527686961,44.4163718829905 -103.693480342506,44.4163669130998 -103.692440638082,44.4163619632082 -103.689624086099,44.4163485635023 -103.68962330952,44.4171194756201 -103.689615142109,44.4199607734258 -103.684864042146,44.4199783739241 -103.679785990808,44.4199969344548 -103.679766154602,44.4164014148033 -103.674690963222,44.4164248954606 -103.669615771844,44.4164483561164 -103.664573770482,44.4164443166956 -103.65953173912,44.4164402672751 -103.654482157736,44.4164383078609 -103.651367934547,44.4164371482225 -103.651117143485,44.4164370482515 -103.649432556351,44.416436378447 -103.649412662689,44.4199979573297 -103.649392769028,44.4235595262116 -103.64940382564,44.4271520251681 -103.649414902394,44.4307752942018 -103.644327511183,44.4307793643471 -103.639240099971,44.4307834244922 -103.634184408803,44.4307684945906 -103.629128687635,44.43075358469 -103.624171466996,44.4307639848468 -103.619214226358,44.430774415003 -103.618757644452,44.4307742550148 -103.618500123377,44.4307741550214 -103.61416069526,44.4307725151332 -103.609107164161,44.4307706052633 -103.604059973155,44.4307822554235 -103.599012752148,44.4307939055828 -103.593946620961,44.4307845056968 -103.588880479774,44.4307750958114 -103.588923182494,44.4271861382307 -103.588965825224,44.4235990006519 -103.588995490394,44.4205242841549 -103.58899637995,44.4204322739604 -103.589000937669,44.419959352961 -103.589036030114,44.4163197152685 -103.589066952677,44.4127076476332 -103.58909784524,44.4090955499965 -103.589102347683,44.4054816723595 -103.589106880126,44.4018677647222 -103.584083638647,44.4018865558107 -103.579060417169,44.4019053168979 -103.574037165691,44.401924077984 -103.569013924214,44.4019428390688 -103.569012756277,44.3983184918699 -103.56901159834,44.3946941146709 -103.564375288237,44.3946830958277 -103.559344286421,44.3946709470832 -103.554284674479,44.3946584883462 -103.549225072536,44.3946458096097 -103.54924157429,44.3910044828266 -103.549258056044,44.3873631360427 -103.544249144147,44.3873467075172 -103.53924020225,44.3873303089928 -103.534231260352,44.3873138704694 -103.529222318454,44.387297441947 -103.524165936418,44.3872946534632 -103.519109554382,44.3872918649796 -103.514053162346,44.3872890664961 -103.50899678031,44.3872862480128 -103.509031320818,44.3854314750198 -103.509064171792,44.3836676821728 -103.509131603275,44.3800490863298 -103.509191805128,44.3765071506097 -103.509193914494,44.3763834304098 -103.509195663967,44.3762806102437 -103.509256255715,44.372717804487 -103.509069414897,44.3727191645626 -103.508819893804,44.3727209646635 -103.504298044005,44.3727535964908 -103.499339863051,44.3727893983737 -103.494546938298,44.3729703396761 -103.494117986904,44.3729723997707 -103.490276554416,44.372990600618 -103.489409061596,44.3729946908094 -103.489071550498,44.3729962808838 -103.48907217166,44.3693799351727 -103.489072764452,44.3660765899558 -103.489084182858,44.3657635894593 -103.489111634047,44.3621358837253 -103.489139055236,44.3585081779918 -103.484077378865,44.3585138988912 -103.479015692494,44.3585196497908 -103.474012386468,44.3585555907292 -103.469009070442,44.3585915316684 -103.469037041883,44.3549779357704 -103.469065023325,44.351364369873 -103.469093004765,44.3477507739762 -103.469120986205,44.3441371980798 -103.472758257854,44.3441355375719 -103.472770066377,44.3399739508236 -103.472778827681,44.3363522949512 -103.472797859009,44.3327289490751 -103.472816870336,44.3291056031993 -103.467791554385,44.3290998236935 -103.462766238435,44.3290940741877 -103.462757177032,44.3327138601501 -103.457733501032,44.3327062206876 -103.452709825032,44.3326983312244 -103.452715606534,44.3290825351754 -103.452715606479,44.3290717051572 -103.452725718025,44.3254617991177 -103.452735869515,44.3218410430602 -103.452710820928,44.3182266670161 -103.452685772341,44.3146123209716 -103.452685411904,44.3145272308293 -103.45267258355,44.310950744847 -103.452659474759,44.3072891787221 -103.452647956191,44.3036701326681 -103.452636467623,44.3000510966139 -103.448262254096,44.3000548067315 -103.443223068514,44.3000597268682 -103.438185532963,44.3000695270133 -103.433147997411,44.3000793271587 -103.433140869,44.2964544009125 -103.433133760589,44.2928294446662 -103.433126662178,44.2892044784197 -103.433119523767,44.2855795221732 -103.433096335297,44.2819525059226 -103.433073146827,44.2783254696715 -103.433049958358,44.27469845342 -103.433026769889,44.2710714371681 -103.433008701445,44.267446140919 -103.432990623001,44.2638208846696 -103.432972514557,44.2601955884199 -103.432954436114,44.2565702921698 -103.432958137654,44.2529288958937 -103.43296179023,44.2493038005836 -103.427930035231,44.2493033500935 -103.427937584279,44.2463787791027 -103.427938183406,44.2461455290236 -103.427939411624,44.2456698488624 -103.427948798018,44.2420362376308 -103.422921092686,44.2420283374503 -103.417893387352,44.2420204472705 -103.412865682019,44.2420125570915 -103.41284669792,44.2383971063301 -103.41282769382,44.2347816355699 -103.41280870972,44.2311661648109 -103.407779833903,44.2311571250972 -103.407767359644,44.2275366544929 -103.40274498367,44.227522624934 -103.397722607694,44.2275085953763 -103.392700261718,44.2274945858198 -103.392660326846,44.2238618056841 -103.392620401972,44.2202290555509 -103.392580477096,44.2165962754201 -103.392540542217,44.2129635252918 -103.387526665708,44.2129677763568 -103.3825128192,44.2129720174214 -103.377498962692,44.2129762684856 -103.372485116184,44.2129805095494 -103.372479130733,44.209335780038 -103.372474298268,44.2063958004324 -103.372473415983,44.2058566805047 -103.37247314528,44.205691060527 -103.372322474776,44.2056914405682 -103.367425678378,44.2057036119098 -103.36741980277,44.2020596925558 -103.372467159828,44.2020463310163 -103.372461174375,44.198401581506 -103.372450628963,44.1947704719959 -103.372440083551,44.1911393524865 -103.367395926,44.1911465744951 -103.367404911581,44.1947811638483 -103.362359194198,44.1947916556997 -103.362351738448,44.191153566503 -103.362344302696,44.1875150673068 -103.357301664975,44.1875183694709 -103.357307570896,44.1911603685104 -103.352263413344,44.1911669205173 -103.352259037254,44.1875214516348 -103.352254651163,44.1838760027526 -103.354293358398,44.183876141814 -103.354591619457,44.1838761616767 -103.357295739053,44.1838762804318 -103.357280083261,44.1802720313879 -103.357276539695,44.1794581816039 -103.357264417468,44.1766676923449 -103.352225789285,44.1766707449732 -103.352211323345,44.1730681260848 -103.352196887404,44.1694655171974 -103.347160198933,44.1694729601322 -103.342123530463,44.1694803930663 -103.337086841993,44.1694878359998 -103.337091425545,44.1658623375755 -103.337096019085,44.1622340291522 -103.337102252595,44.158597770731 -103.341505029154,44.1585908677581 -103.341481478575,44.1584819878173 -103.341429827437,44.1582723779358 -103.341510646749,44.1580518979687 -103.341698526502,44.1578396979249 -103.34190383652,44.1576713978512 -103.342143446588,44.1574853577603 -103.34214423445,44.1570094179464 -103.342144593481,44.1567936480308 -103.342147645209,44.1549518587512 -103.342160488856,44.1513048301723 -103.342173362504,44.1476577915925 -103.347211171924,44.1476484077213 -103.352248981345,44.1476388338492 -103.352260495307,44.1439918549566 -103.357325585031,44.143990720903 -103.362390694754,44.1439893368494 -103.362392162231,44.1434041669768 -103.362392741235,44.143173227027 -103.362395187022,44.1421961972397 -103.362395246924,44.1421734072446 -103.367459746728,44.1421727131129 -103.37145736236,44.1421721798515 -103.371832893828,44.1421721195451 -103.372524276532,44.142172018981 -103.372524216653,44.1422008689773 -103.3725209042,44.1439863787419 -103.377545353669,44.1439620447225 -103.382569823139,44.1439375007011 -103.382574320327,44.140843270845 -103.382574439988,44.1407615308487 -103.382574589535,44.1406521308538 -103.382575118035,44.1402897408706 -103.38759887765,44.1402620566915 -103.392622597269,44.14023437251 -103.392622204677,44.1395962324861 -103.392622083913,44.139408152479 -103.392620342543,44.1366087523741 -103.392618077817,44.1329831422384 -103.39261584309,44.1293575021028 -103.392613588364,44.1257318819673 -103.387594628053,44.1257400767654 -103.382575707742,44.1257482615627 -103.377558007437,44.1257564563583 -103.372540327133,44.1257646411531 -103.372529701716,44.1221332816472 -103.372519106298,44.1185019121418 -103.37250848088,44.1148705526372 -103.372497885461,44.1112391831333 -103.37248442997,44.107593823635 -103.372470994479,44.1039484341376 -103.372457538986,44.100303044641 -103.372444073492,44.0966576751453 -103.372440698099,44.0930258656361 -103.372437322706,44.089394066127 -103.372433947312,44.0857622766183 -103.372430571919,44.0821304771097 -103.367410719671,44.0821309437744 -103.362390877424,44.082131410439 -103.357371025176,44.0821318971036 -103.352351172929,44.0821323637681 -103.352343766727,44.0784650848977 -103.352336470718,44.0748413660143 -103.352326284679,44.0712141671365 -103.35231609864,44.0675869682594 -103.3523004726,44.0639653493892 -103.352284846559,44.06034371052 -103.352269210517,44.0567221016517 -103.352253584473,44.0531004527845 -103.347253981059,44.0531017306592 -103.342254367644,44.0531029685337 -103.33725476423,44.0531042164081 -103.332328541159,44.0531054741669 -103.332255160816,44.0531054842825 -103.332254990312,44.0529957743351 -103.332249584134,44.0494715660233 -103.332244007451,44.0458376777644 -103.332238430769,44.0422037795059 -103.332232854086,44.0385698612477 -103.332227167415,44.0349388829887 -103.332221480744,44.03130791473 -103.332215794073,44.0276769364717 -103.332210107402,44.0240459582137 -103.332204560729,44.020414599956 -103.332199034056,44.0167832616986 -103.332193487382,44.0131519034416 -103.332187970708,44.0095205351848 -103.332182254022,44.0058868369299 -103.332176507336,44.0022531686754 -103.33217084237,43.9986194836179 -103.332165420569,43.9950954989273 -103.332165260202,43.9949858500259 -103.334033999795,43.9949861763981 -103.337183095962,43.9949874402773 -103.33806507049,43.9949877685632 -103.338068550514,43.9920097086956 -103.338069779282,43.9916406624282 -103.338062128008,43.9882927463245 -103.338061577189,43.9880493887883 -103.338053655492,43.9845757839561 -103.338053875098,43.9844581451462 -103.338061203343,43.980944150696 -103.338061433013,43.9808455116938 -103.338068781195,43.9773125174367 -103.338068780928,43.9772328782427 -103.338069029045,43.9736917440801 -103.338069028806,43.9736202448037 -103.338069208757,43.9706255551109 -103.338069246896,43.9700710007231 -103.338069496685,43.970007641364 -103.338070365797,43.9697418940522 -103.338070885264,43.9695821356682 -103.338070975179,43.9695566359261 -103.338071494644,43.9693964575465 -103.338074381694,43.9685131564816 -103.338080135823,43.9667548042687 -103.338081154784,43.9664437274155 -103.33770105286,43.966443537964 -103.334105204659,43.9664416731531 -103.329095139299,43.9664388603849 -103.324080013916,43.9664367876161 -103.324084631886,43.9628063434586 -103.324089219838,43.9591705793543 -103.324093827789,43.9555346952517 -103.319081072576,43.9555380414655 -103.314070787349,43.9555335177531 -103.314065539294,43.9591674225163 -103.31406025124,43.962801247281 -103.309050185931,43.9627999141769 -103.309055364027,43.959164459108 -103.309060542122,43.9555289940399 -103.309062990233,43.9519026188882 -103.314073765413,43.9519061929294 -103.319084550592,43.9519095169724 -103.319088058609,43.9482810324794 -103.324102223738,43.948277936901 -103.329116358866,43.9482746513252 -103.334129553988,43.9482711457531 -103.334124136103,43.9519002492828 -103.338145466293,43.9518978645527 -103.338147634123,43.9482681712892 -103.338148761962,43.9446427379839 -103.338149009799,43.9410182146704 -103.338149507597,43.9373815814793 -103.338149995395,43.933744978288 -103.334116235327,43.9337468417508 -103.329105330397,43.933748936055 -103.329094938225,43.9301122522951 -103.324084173343,43.9301145962768 -103.31907341846,43.930116720261 -103.3190662164,43.9264809758476 -103.31906041435,43.9228463214216 -103.319056566361,43.9204363450087 -103.319055955096,43.9200549787412 -103.319054612301,43.9192116869947 -103.319053089116,43.9182509963971 -103.319052477841,43.9178663401617 -103.319049261134,43.9158432799614 -103.319049160913,43.9157766506135 -103.319048840251,43.9155770325672 -103.319047868234,43.9149686685212 -103.319043218566,43.9120521570646 -103.319043038202,43.911942378139 -103.319042436162,43.9083028837553 -103.31403168155,43.9083025758421 -103.309356238585,43.9083020777913 -103.309106557358,43.9083020478955 -103.309020926938,43.9083020379312 -103.304010982329,43.9083015000197 -103.304012000501,43.9046815444877 -103.304011118663,43.9010615489567 -103.304010246825,43.8974414834263 -103.304015145024,43.8938242178681 -103.304020043223,43.8902068123119 -103.30903208762,43.8902100917903 -103.314044132016,43.8902131312704 -103.319056176411,43.890215960752 -103.324058880754,43.890216970252 -103.329061595098,43.8902177497542 -103.329074363115,43.8866038157561 -103.329087171132,43.8829898817596 -103.334094155397,43.8829886319177 -103.33834995602,43.8829871720563 -103.338359943893,43.8793599287844 -103.338367474805,43.8766413263127 -103.338368191758,43.8757326755136 -103.33837213558,43.8738865142079 -103.338376069693,43.8721267920273 -103.338376778663,43.8718189951442 -103.33838240762,43.8685209385413 -103.338393895523,43.8649005252053 -103.334759098055,43.8648954039955 -103.334068664737,43.864894193768 -103.334054983588,43.861581337057 -103.334054603272,43.861487577999 -103.334053712551,43.8612734201509 -103.331560440602,43.8612726491344 -103.331564057337,43.8602897489709 -103.331573758568,43.8576498453906 -103.331540318408,43.8576498453747 -103.331508958258,43.8576498453598 -103.329059416543,43.8576496241997 -103.329058552594,43.8564660059906 -103.329058512429,43.856416466484 -103.329058472231,43.8563570770757 -103.329056774458,43.854027410283 -103.329061552415,43.8504071163513 -103.329066330372,43.8467867924204 -103.329071078361,43.8431762083932 -103.329075567,43.8397610524194 -103.329075806397,43.8395798642246 -103.32907582635,43.8395656643661 -103.334076220045,43.8395692682921 -103.334076130269,43.8396363676177 -103.334075811017,43.8398602753671 -103.334071172089,43.8431763120368 -103.334066144133,43.8467833057826 -103.338468505054,43.8467800587453 -103.338478863005,43.8431762252505 -103.338489190957,43.8395724017569 -103.338502518852,43.8359477684779 -103.338515876748,43.832323105201 -103.338510254596,43.8287111117787 -103.338504812813,43.8252088272448 -103.338504642444,43.8250991483555 -103.344339379809,43.825082874629 -103.349331843223,43.8250689999991 -103.354316986602,43.8250549853655 -103.35930211998,43.8250409707342 -103.36428031334,43.8250312660526 -103.366000171411,43.82502793789 -103.3692585067,43.8250215513727 -103.37423673006,43.8250118466945 -103.379214923419,43.825002142018 -103.384190286765,43.8249921873429 -103.389165640109,43.8249822526692 -103.394141033454,43.8249722979977 -103.394527675268,43.8249715284118 -103.398644344584,43.8249633128218 -103.398940515973,43.8249627231391 -103.399116386798,43.8249623633276 -103.399316127734,43.8249614235476 -103.404069059988,43.8249388487886 -103.409021723177,43.8249153642534 -103.413998056517,43.8249032996163 -103.418974389857,43.824891264981 -103.423922413133,43.8248986100926 -103.423954943286,43.8248986601262 -103.42887043641,43.8249059852026 -103.428935466716,43.82490606527 -103.433883629944,43.8248999105386 -103.433916130097,43.8248998605733 -103.438896793477,43.8248936758775 -103.443877376845,43.8248840012245 -103.448857930212,43.8248743465729 -103.453834823563,43.824864781918 -103.458601565926,43.8248555170403 -103.458675156274,43.8248558771133 -103.462251593141,43.8248731106599 -103.463589569452,43.8248795319865 -103.466875874952,43.8248953952425 -103.468577592978,43.8249035769282 -103.473554366448,43.8249265018678 -103.474852052568,43.8249324931549 -103.478531169918,43.8249494068036 -103.48349436332,43.824970751741 -103.488457586722,43.8249920766749 -103.490929068375,43.82500272913 -103.493446970248,43.8250135316309 -103.498436383774,43.825034996583 -103.498453360491,43.821485662528 -103.498470666936,43.8178638594133 -103.498486333368,43.8142406663168 -103.498501989799,43.8106174732222 -103.49851502632,43.8070212797767 -103.49852802284,43.8034250863328 -103.49854104936,43.7998288928905 -103.498542168201,43.7995196668939 -103.498543077256,43.7992674801589 -103.49855407588,43.7962326994499 -103.4985586023,43.7926206162028 -103.498563128721,43.7890085329564 -103.498558045009,43.785373009997 -103.498552961297,43.7817374770372 -103.49855001766,43.7781192638565 -103.498547094023,43.7745010406757 -103.498558980468,43.7708864874766 -103.498563515315,43.7695124352682 -103.498564164581,43.769316747802 -103.498570896912,43.7672719342791 -103.498586153345,43.7636503511812 -103.498601399778,43.7600287680852 -103.49861667621,43.7564071549916 -103.498631922643,43.7527855718995 -103.498638042196,43.7491667964483 -103.498638857987,43.7486808656138 -103.498640129704,43.7476976239243 -103.498643085321,43.745547960231 -103.498651348629,43.7419150339964 -103.498659581938,43.7382821077611 -103.498657422271,43.7365742248162 -103.498656353244,43.7356525132271 -103.49865518467,43.7346927315723 -103.498650277675,43.7310801953429 -103.498654930881,43.7274545191115 -103.498659554088,43.7238288528798 -103.49865697721,43.7202073966402 -103.498654410332,43.7165859104008 -103.498653041877,43.7147764872832 -103.498653002451,43.7147282872002 -103.498651782502,43.7130442642989 -103.498651733495,43.7129609041553 -103.498650285364,43.7102846595455 -103.498650187519,43.7101036692338 -103.498649766662,43.7093358679113 -103.498654339851,43.7057116916814 -103.498658883042,43.702087485451 -103.498663446232,43.6984633092204 -103.498667989423,43.6948391129894 -103.498666112539,43.6912184067528 -103.498664205655,43.6875976805162 -103.498662308771,43.6839769742799 -103.498660431886,43.6803562380437 -103.498665105068,43.6767329518137 -103.498669788251,43.6731096655833 -103.498674471433,43.6694863793526 -103.498679154617,43.6658630931216 -103.49868018775,43.6622422768892 -103.498681200884,43.6586214606567 -103.498682244018,43.6550006544242 -103.498683257151,43.6513798381915 -103.495728919756,43.6513931642874 -103.49370168782,43.6514023116079 -103.490735180354,43.6514157276864 -103.488720148571,43.6514180450112 -103.485737781297,43.651407321029 -103.483759359838,43.6514001883878 -103.480740412352,43.6513892943579 -103.480767315247,43.6477270587785 -103.48079396768,43.6441046032578 -103.480799995269,43.6426005109587 -103.480808630133,43.6404743777086 -103.485800201593,43.6386338508508 -103.489814043153,43.6371537932373 -103.490793773322,43.6367925238008 -103.495767565291,43.6349417165185 -103.500744894257,43.6330895226201 -103.500742487673,43.6294526263743 -103.500736321034,43.6266525515971 -103.500735972919,43.6264942913271 -103.500734471017,43.6258145901675 -103.500727014364,43.6221768839561 -103.500725541968,43.6207015414254 -103.500724057766,43.6185402577131 -103.500723452861,43.6181130569815 -103.500722321185,43.6149037514611 -103.500722744426,43.6112849652242 -103.500723207668,43.607666178987 -103.500723111031,43.604036502735 -103.500723004393,43.6004068564832 -103.500712247545,43.5967805703099 -103.500701530699,43.5931539541343 -103.500716934247,43.5895296677862 -103.500732337798,43.58590535144 -103.500728880489,43.5823273652997 -103.500725413179,43.578749359159 -103.50071770648,43.575114352947 -103.500709999779,43.5714793167339 -103.500712453269,43.5678424704525 -103.500714936761,43.5642056041711 -103.500712007438,43.5607965983162 -103.500709069047,43.5573095723265 -103.505728258559,43.5536605855587 -103.510748119034,43.5500104394341 -103.515719089419,43.546375054271 -103.520681710517,43.5427450998048 -103.520687166263,43.5390808447566 -103.520692592009,43.5354166197094 -103.520710907708,43.5317744946198 -103.520729253411,43.5281324095325 -103.520737378844,43.5244975645143 -103.520745494279,43.520862699497 -103.51578313528,43.5208534967355 -103.510820736278,43.5208442939725 -103.505875066927,43.5208886212034 -103.500929397588,43.5209329484421 -103.500914330588,43.5173126323004 -103.495869912117,43.5173488076568 -103.495869912173,43.5173441376489 -103.495869932387,43.5173261476185 -103.495869932441,43.5173215176106 -103.495872255201,43.5137216915191 -103.490845306217,43.5137508321652 -103.490865039212,43.5101218262134 -103.485861000215,43.5101466070378 -103.48589265311,43.5065134012665 -103.480900534014,43.5065339622709 -103.480927526546,43.5029080867003 -103.480954504601,43.4992822511695 -103.480981494673,43.4956563758052 -103.485950563723,43.4956405343399 -103.485969833603,43.492015968868 -103.481008454744,43.4920305004398 -103.481025834864,43.4883819050427 -103.485983043551,43.4883699033648 -103.4859962535,43.4847237178609 -103.486009433449,43.481077322356 -103.490958331799,43.4810697104649 -103.490967351579,43.4774255348535 -103.49591205976,43.4774202228564 -103.495940160419,43.4736167368756 -103.495966930111,43.469990921173 -103.500944258375,43.4699846650878 -103.500980688425,43.4663565992089 -103.501017128474,43.4627285633352 -103.500997427551,43.4590897476918 -103.500977716629,43.4554509320455 -103.500958015708,43.4518121163964 -103.500938314787,43.4481733007444 -103.500933854056,43.4445511750546 -103.500929373325,43.4409290593642 -103.500911332367,43.4373031837198 -103.50089330141,43.4336773180728 -103.500864070428,43.4300181124124 -103.500834809446,43.4263589067479 -103.500805578466,43.422699731079 -103.500776347487,43.4190405254059 -103.495870043277,43.4190315412598 -103.490963787439,43.4190225649816 -103.486057491602,43.419013588704 -103.481151235766,43.419004632427 -103.476217659326,43.4190690162774 -103.471284092883,43.419133400124 -103.466350556434,43.4191978139667 -103.461711862161,43.4192583575762 -103.461708532136,43.4192583975787 -103.46145132924,43.4194390880195 -103.461472828689,43.4195654481747 -103.461436758198,43.4196058382569 -103.46141631792,43.4196287183034 -103.461409257824,43.4196366283195 -103.461346147064,43.4196898084395 -103.461245996035,43.4197424885868 -103.461147215319,43.4197411586597 -103.460973193806,43.4197838388493 -103.460823122314,43.4198538790576 -103.460648860798,43.4198966292473 -103.460351108539,43.4199109094916 -103.46000365617,43.4198798697125 -103.45969406458,43.4197596297847 -103.459381832665,43.4196937799325 -103.4590560507,43.419619170079 -103.458816519411,43.4195368801502 -103.458509167822,43.4194196702263 -103.45821983652,43.4192749502523 -103.458182566354,43.4192559102552 -103.458160306252,43.4192451702577 -103.457897445044,43.4191183202881 -103.457736764384,43.4190268502883 -103.457564393792,43.4189082402614 -103.457380413218,43.4187714202194 -103.457234743025,43.4186168701247 -103.457126433002,43.4184805900261 -103.45700868342,43.4182539898149 -103.456880834122,43.4179639895273 -103.456729314907,43.4176285991982 -103.456672645617,43.4174296289776 -103.456567516179,43.4171939987459 -103.456546376789,43.4170585385825 -103.456430487679,43.4167511382644 -103.456369408523,43.416522768009 -103.456362808614,43.4164980979813 -103.456291698761,43.4163800778801 -103.456237468868,43.4162910878044 -103.456208698925,43.4162438877643 -103.456051618554,43.4161066977049 -103.455796207575,43.415950167697 -103.455468096378,43.4157386376737 -103.455201025254,43.4155930376904 -103.454773693457,43.4153600777182 -103.454322571477,43.4151288677681 -103.453919689592,43.4149433278414 -103.453466517141,43.4147931380013 -103.453122395018,43.4147254481839 -103.452678812025,43.4146834384786 -103.45250687099,43.4146450885642 -103.452224499312,43.4145782386999 -103.451941197424,43.4145473888832 -103.451891807068,43.4145467189214 -103.451658825747,43.4144805390193 -103.45148665466,43.4144511991173 -103.451289323289,43.4144395192579 -103.451270923146,43.4144410192744 -103.451004651084,43.4144626795127 -103.450706948632,43.4145126798123 -103.450483546766,43.4145546700427 -103.450310455467,43.4145613401879 -103.450138064327,43.4145409902977 -103.449978463382,43.4145028103745 -103.449831912685,43.4144377904066 -103.449674152163,43.4143276003896 -103.449494001993,43.4141270602745 -103.449277281663,43.4139080101651 -103.449143531161,43.413825160165 -103.448898429807,43.413749800263 -103.448445507418,43.4135905804192 -103.448163595851,43.413505710535 -103.447942964622,43.4134396906264 -103.447834834511,43.4133211605615 -103.447654924398,43.4131116204381 -103.447405304761,43.4127300401524 -103.447237284632,43.4125386600437 -103.44710561461,43.4123747899413 -103.446876784251,43.4121465698356 -103.446646773773,43.4119375497558 -103.44663537375,43.4119271797518 -103.446312472568,43.4117234497542 -103.446124881882,43.411605089756 -103.44580641016,43.4115017098827 -103.445474438084,43.4114431800771 -103.44526477663,43.4114313202317 -103.445017614802,43.4114369704385 -103.444756502514,43.4115054607354 -103.444469989888,43.411600611086 -103.444220297475,43.4117052714186 -103.443983865363,43.4117740916952 -103.443773053641,43.4118072419066 -103.443513541725,43.4118127221225 -103.443131729187,43.4117715123789 -103.442934407821,43.4117598225234 -103.442799527058,43.4117219625851 -103.44262828619,43.411656602642 -103.442506905783,43.4115739126374 -103.44244793598,43.4114650525499 -103.442426246496,43.4113476924219 -103.44242994735,43.4112036722403 -103.442483948772,43.411024311974 -103.442587100495,43.4108546316798 -103.442677912129,43.4106847813951 -103.442844644722,43.4104439209603 -103.442973416834,43.4102385706 -103.443102419,43.4100242202281 -103.443180190385,43.4098811999865 -103.443219071077,43.4098096898657 -103.44324630184,43.4097110097205 -103.443153072412,43.4094936395263 -103.442987842932,43.4091942392894 -103.44284454299,43.4090031891697 -103.442494822345,43.4086742590495 -103.442071721331,43.4083173189567 -103.442043231209,43.4083026289621 -103.441767000028,43.4081600990144 -103.441389368463,43.4079568490764 -103.441381588426,43.4079534490787 -103.441360848328,43.4079443590846 -103.440986346562,43.4077802691932 -103.440410953531,43.4075833394294 -103.439957631065,43.4074420896334 -103.439638959303,43.4073476897833 -103.439159326286,43.4072691200871 -103.438790123904,43.407219050334 -103.438543672245,43.4071976805135 -103.43835849092,43.4071951606649 -103.438173539649,43.4071836308052 -103.438012808447,43.4071904409476 -103.437790356804,43.4071964011404 -103.437567445053,43.4072203713553 -103.43724669281,43.4072069916067 -103.436728639208,43.4071819020086 -103.436411056936,43.4071775622683 -103.436358276559,43.4071768423115 -103.436099254758,43.4071643025125 -103.435926873629,43.4071439326319 -103.435827882869,43.4071515827237 -103.435446560454,43.407092342971 -103.435053128005,43.4070239332177 -103.434782916385,43.4069662033745 -103.43451294482,43.4068994835206 -103.434292343608,43.4068334336264 -103.434059642361,43.4067582037316 -103.433900771591,43.4066930037871 -103.433780341409,43.406574293747 -103.433697171546,43.4064470936658 -103.433651972163,43.4062843935107 -103.433755604001,43.4060967132009 -103.433957076329,43.4059463928528 -103.434258699685,43.4057434123574 -103.434596663143,43.4055679418632 -103.434908776155,43.4054371414435 -103.435233229254,43.4053065110131 -103.435482911663,43.4052018706767 -103.435819474796,43.4050804102461 -103.436069627311,43.4049577698868 -103.436282269454,43.4048526195801 -103.436411470878,43.404767559368 -103.43648327167,43.4047202892501 -103.436540942333,43.4046775391497 -103.436709884276,43.4045522988552 -103.43687821622,43.4044261985599 -103.436898766457,43.4044108085239 -103.437050608373,43.4042688082232 -103.437165189971,43.4041353079643 -103.437268351695,43.4039656276712 -103.437334013048,43.4038134474312 -103.437399904454,43.4036522671799 -103.437440405523,43.4035177469825 -103.43745645647,43.4033738967947 -103.437422897011,43.4032383666596 -103.437304087205,43.4030566465419 -103.43717222715,43.4029017664682 -103.437077407359,43.4027473963634 -103.43703196792,43.402593696217 -103.436973488232,43.4024668361144 -103.436902428403,43.4023488060334 -103.436735628569,43.4021124058926 -103.43659536934,43.4018043356429 -103.436528720533,43.4015152753527 -103.436473251544,43.4012713951074 -103.436453202443,43.4010910249077 -103.436451202546,43.4010707948851 -103.436433603449,43.4008926546861 -103.436431763495,43.4008823946753 -103.436401204261,43.4007121244971 -103.436356004877,43.4005494243409 -103.436273065069,43.4004132142497 -103.436225315094,43.400349534215 -103.435968863897,43.4002379743058 -103.435797212937,43.4001906043995 -103.435475800549,43.4002042146978 -103.435165107872,43.4002810150621 -103.434829725019,43.4003574654474 -103.434456161634,43.4004784159189 -103.434131958598,43.4006000463474 -103.433931666548,43.4007053566477 -103.433806835347,43.4007576768189 -103.433681534038,43.4008279970118 -103.433568342763,43.400907497205 -103.433342210179,43.401072657598 -103.433253699167,43.4011373077517 -103.432948845064,43.4014662984062 -103.432758572559,43.4016617988025 -103.432542679663,43.4018929592626 -103.432427627955,43.4020444595409 -103.432275315928,43.4022044598613 -103.432146753862,43.4024008002036 -103.43204405224,43.4025524704707 -103.431967191065,43.4026594706628 -103.431877759747,43.4027753008761 -103.43172660799,43.4028902911413 -103.431468905449,43.403007871501 -103.431439195156,43.4030214215425 -103.430790759069,43.4032646623843 -103.430105512769,43.4034983832447 -103.429681368748,43.4036636538002 -103.429095813366,43.403862714532 -103.428673289723,43.4039649750113 -103.428399847352,43.4040332553236 -103.428213975869,43.4040577155105 -103.427978954088,43.4040724957281 -103.427781432679,43.4040697858936 -103.427719942293,43.4040599359347 -103.427424600398,43.4040198561408 -103.427240829403,43.4039632962328 -103.426788267125,43.4037949964268 -103.426581666389,43.4036660864561 -103.426520876167,43.4036292364661 -103.426515846171,43.4036223364625 -103.426461246216,43.4035473764236 -103.426316605976,43.4034103163911 -103.426135875689,43.4032367463482 -103.42594302537,43.4030539963056 -103.425774395118,43.4028895962636 -103.425593424778,43.4027250262322 -103.42528901356,43.4025587463059 -103.424946861916,43.4024189664427 -103.424444009075,43.4022859867267 -103.423817245248,43.4021692971371 -103.423546603534,43.4021295473266 -103.42327549171,43.4021078075368 -103.423065630216,43.4021049077152 -103.42279335812,43.4021281679769 -103.422644756956,43.4021441281233 -103.422570686429,43.4021431081863 -103.422448415824,43.4020963982399 -103.422387395548,43.4020685482616 -103.422229485007,43.4019673182854 -103.422096974806,43.4018394282575 -103.421928124505,43.4016840182308 -103.421639953307,43.4015352383154 -103.421623493239,43.4015267383203 -103.421567583028,43.4014941283326 -103.421465352644,43.4014345083552 -103.421245501611,43.4013414284431 -103.421050090698,43.4012576985203 -103.420866099655,43.4012101286278 -103.420718208657,43.4011990887444 -103.420606867812,43.4012065588497 -103.420495306912,43.401223018965 -103.420444996342,43.4012583490479 -103.420345065366,43.4013019891831 -103.420257724533,43.4013367992976 -103.420146153633,43.4013532694128 -103.419936072086,43.4013593796024 -103.419800051066,43.4013664997286 -103.419626759727,43.4013821198965 -103.419452998279,43.4014157400846 -103.419254086546,43.4014670203139 -103.419056115031,43.4014822905028 -103.418821333308,43.4014880507132 -103.418648282025,43.4014946608709 -103.418436790148,43.4015547711204 -103.418198727657,43.4016865514711 -103.41798582545,43.4018006617803 -103.417809493397,43.4019333020776 -103.417670181608,43.4020664423432 -103.417568850301,43.4021640925371 -103.417430248675,43.4022702327723 -103.417278596797,43.4024032030478 -103.417165385512,43.4024826732318 -103.417040764358,43.4025259733863 -103.41682927248,43.4025860836339 -103.416617540546,43.4026551838913 -103.416616540537,43.4026554038924 -103.416108356227,43.4027651944489 -103.4155859016,43.4029110450558 -103.415088357202,43.4030482256311 -103.414727073881,43.4031692860712 -103.41432805013,43.4033168365715 -103.413792065135,43.4035075072343 -103.413356241174,43.4036455377542 -103.41328146048,43.4036715178458 -103.413120279171,43.40369628801 -103.412984958314,43.4036764081047 -103.412775566929,43.4036554882618 -103.412554775677,43.4035983983905 -103.412468835171,43.4035791984438 -103.412336094922,43.403460298432 -103.412218295369,43.4032425583034 -103.412111905683,43.4030609882034 -103.412030436228,43.4028707580731 -103.41191239662,43.402662017955 -103.411805306769,43.4025074478847 -103.411722416983,43.402371227813 -103.41166604727,43.4022549277395 -103.41165211734,43.4022261777213 -103.411580407366,43.4021351376877 -103.411447207008,43.402034237697 -103.411301196452,43.4019511677363 -103.41113002561,43.4018857578161 -103.410884074075,43.401846327988 -103.410675402859,43.4017984081189 -103.410442271523,43.4017411382614 -103.410174230422,43.4016023483493 -103.409722448338,43.4014069685388 -103.409195885562,43.4012375688213 -103.408901513899,43.4011614389989 -103.408665372605,43.4010938991349 -103.408570582085,43.4010667891896 -103.40827691059,43.4009636493394 -103.408081999797,43.4008618894048 -103.407838898931,43.4007144294655 -103.407425097337,43.4004835595906 -103.40712050609,43.4003262396962 -103.406888565036,43.400223959795 -103.406741624262,43.4001768898759 -103.406717964134,43.4001698698894 -103.4065823334,43.4001296499675 -103.406471712723,43.4001101000446 -103.40629866144,43.4001166902032 -103.405978189272,43.4000942204617 -103.405744837885,43.4000459506176 -103.405426016107,43.399960460811 -103.405242045071,43.3999128709245 -103.405119314362,43.3998841510034 -103.404863403302,43.3997545210975 -103.404548842529,43.399507011125 -103.404160931398,43.39923146119 -103.40380959042,43.3989744312426 -103.403483879842,43.3986817412379 -103.403229869232,43.3984800912616 -103.403096928939,43.3983701812699 -103.402902508265,43.3982504013232 -103.402393076714,43.397901121429 -103.402089695757,43.3976987814987 -103.401945165349,43.3975944815243 -103.401835215039,43.3975151315439 -103.401829955036,43.3975093015428 -103.401771745008,43.397444771531 -103.401547264898,43.3971959514856 -103.401258844646,43.3968947714467 -103.401055874783,43.3966308013686 -103.400913445078,43.3964126912819 -103.400831785586,43.396231461177 -103.400798776276,43.3960779210557 -103.400790697196,43.3959157309033 -103.400844338552,43.395754390696 -103.400958740121,43.3956299304699 -103.401159312244,43.3955156701756 -103.401483775351,43.3953851297526 -103.401770307761,43.3953251994334 -103.401806588067,43.395317609393 -103.40194234917,43.395295609248 -103.402215801392,43.3952512889559 -103.40256282417,43.3952020985919 -103.402873056741,43.3951433982517 -103.403071958471,43.3950921480199 -103.403246180027,43.39504055781 -103.4033845516,43.3949434375871 -103.403585583832,43.3948111672718 -103.403686224976,43.3947405371094 -103.403761225722,43.3947055670061 -103.403974127929,43.3945914766976 -103.404123889365,43.3945305364998 -103.40429646053,43.3945419463539 -103.404382621084,43.3945521462855 -103.404456201496,43.3945711862376 -103.404639452358,43.3946457761457 -103.404871133346,43.3947570660469 -103.405115394477,43.3948595159279 -103.405286535308,43.3949249358384 -103.405433946187,43.3949540057338 -103.405569006979,43.3949829056402 -103.405705718161,43.3949487854813 -103.405842909454,43.3948966753036 -103.405981991193,43.3947725450509 -103.406085923114,43.3945758947563 -103.406127674488,43.3943963845357 -103.406145455854,43.394189524309 -103.406102687063,43.3939367940911 -103.406082577087,43.3939088840812 -103.405971647218,43.3937548740263 -103.405790516857,43.3935992740345 -103.405548156173,43.3934248140801 -103.405353745503,43.3933050441375 -103.405172625144,43.3931494341468 -103.405040405022,43.3930125241301 -103.404957075137,43.3928943040875 -103.404899375648,43.3927404239854 -103.404867786668,43.3925328738051 -103.404912378712,43.3922453534736 -103.404978100093,43.3920931832591 -103.405082752181,43.391869532936 -103.4051995043,43.3916550426107 -103.405365616766,43.3914412522398 -103.405571360104,43.3911289517317 -103.405701632586,43.3908696413471 -103.40588268575,43.3905570008604 -103.405982657595,43.3903678405746 -103.406003748068,43.3903139205 -103.406049779101,43.3901962103371 -103.406078620016,43.3900778001897 -103.406060941146,43.3898681799932 -103.406009332734,43.3895419497102 -103.405929304004,43.3892350894739 -103.405828385618,43.3888461991745 -103.405713896762,43.3885195989516 -103.405645987689,43.3882845287777 -103.405639308938,43.3880683285648 -103.40562932061,43.3877775482795 -103.405664642085,43.3875734280388 -103.40573272402,43.3873312477281 -103.405788935979,43.3870708974101 -103.405832097685,43.3868373771317 -103.405851608246,43.3867668370413 -103.405871308813,43.3866955869501 -103.40591394004,43.3865413667525 -103.405908681622,43.3862711564831 -103.405792352426,43.3859993963193 -103.405649452613,43.3857993062542 -103.405518902887,43.3855993861777 -103.405536194142,43.3854105259696 -103.405650335643,43.385295055742 -103.405874837754,43.3852081354362 -103.406459572925,43.3850361946941 -103.406737055434,43.3849453043321 -103.406907856978,43.384889354109 -103.406921397104,43.3848843040907 -103.407256940228,43.3847591436366 -103.407594393558,43.384601763147 -103.407908336993,43.3843990226331 -103.40828539119,43.3841431320021 -103.408913027999,43.3837466509795 -103.409266342242,43.3834544103309 -103.409651276784,43.3831493396367 -103.409657146853,43.3831446796261 -103.40972230774,43.3830733294879 -103.409949450829,43.3828245790059 -103.410343536212,43.3823888281636 -103.410599530092,43.3820412075479 -103.410753732563,43.3818092271529 -103.410859514911,43.3815405567671 -103.41092779689,43.3812893764364 -103.410958368444,43.3810646861709 -103.410964719937,43.3808216459102 -103.410920770865,43.3806139257366 -103.410828641726,43.3803605155635 -103.41073533231,43.3801521154388 -103.410544012374,43.379915335383 -103.410266551892,43.3796683554036 -103.410105051484,43.3795459654382 -103.409986171184,43.3794558854638 -103.409927631037,43.3794115154765 -103.409611739967,43.3792180255931 -103.409235098691,43.3789876757334 -103.40878394679,43.3787742959676 -103.408149353991,43.3784953363207 -103.407576001514,43.3782352266334 -103.406940718553,43.377983257019 -103.406776817877,43.3779036871039 -103.406367836191,43.3777051373165 -103.405807073861,43.3774361876131 -103.405526332613,43.3773152177761 -103.404978150427,43.3770374380536 -103.404466518389,43.3767781783143 -103.404198837397,43.3766303684391 -103.403639975521,43.3762893986688 -103.403361144724,43.3760964087614 -103.40318949426,43.3759731488143 -103.403043103865,43.3758680288596 -103.40290077348,43.3757658189039 -103.402707603116,43.3756010389383 -103.40262336302,43.3755188189431 -103.402395312902,43.3752725089329 -103.402227062766,43.3750990689341 -103.402166552618,43.375053198951 -103.402142582614,43.3750258589485 -103.402106982693,43.3749713289312 -103.401983172372,43.3748804189689 -103.401938202256,43.3748474089826 -103.401844482542,43.3746908289243 -103.40176971277,43.3745659088779 -103.401664642883,43.3744248688471 -103.401433162663,43.3741920188568 -103.400860571794,43.3736707489375 -103.400391261453,43.3731824489463 -103.399827051329,43.3725487289151 -103.399633151673,43.3722669788429 -103.399529841857,43.3721168488047 -103.399274291261,43.3719196788808 -103.399121361565,43.3716924188202 -103.399034572108,43.3715021087263 -103.399010012673,43.3713802086336 -103.399035274044,43.3711824584144 -103.399121755729,43.371003568149 -103.39912246625,43.3709180380649 -103.399000676661,43.3707092279904 -103.398643286944,43.3702494879224 -103.398555727484,43.3700591678306 -103.398529619453,43.3697031175129 -103.39853435199,43.369288967106 -103.398564243393,43.3690912868823 -103.398634585156,43.3688806566026 -103.398729047188,43.3686533762807 -103.398742477477,43.3686210362349 -103.39886162963,43.3684020858944 -103.398955350901,43.3682998456944 -103.399107482709,43.3681759054103 -103.399339224929,43.3680755950636 -103.399966331416,43.3677241840454 -103.400359105068,43.3675720934732 -103.401153223513,43.3670879421396 -103.401444326138,43.3669884517266 -103.40187564967,43.3669001511726 -103.401897239847,43.3668957311449 -103.401967710374,43.3668896110625 -103.402165511853,43.3668724608315 -103.402831126643,43.3668457400845 -103.40332021041,43.3667850294944 -103.403807214568,43.3666567488385 -103.404302879001,43.3664925781363 -103.404578251622,43.366374857719 -103.404908595377,43.3661318271152 -103.405449840849,43.3658467262381 -103.405620402937,43.3656960258997 -103.405934287224,43.3653447152009 -103.406077808937,43.3652251449226 -103.406310240963,43.3651563445987 -103.406580692953,43.365137604284 -103.406686974136,43.3650634340922 -103.406707194361,43.3650493140557 -103.406827165276,43.3650354739103 -103.406934246094,43.3650231137806 -103.406974286459,43.3650085637219 -103.407166718213,43.3649386534399 -103.407420430843,43.3647936130137 -103.40755628269,43.3646424227098 -103.407733244873,43.364482802352 -103.407820715903,43.3644119821833 -103.407917616864,43.3643638020274 -103.408170278892,43.3643177917026 -103.40851884147,43.3642911312925 -103.409043805041,43.3643029307282 -103.409135735537,43.3643267206519 -103.409357876549,43.3644153504999 -103.409450707078,43.3644346504181 -103.409645778416,43.3644373602069 -103.410166282172,43.3644130796105 -103.410385213485,43.3644476394062 -103.410526124586,43.3644270892302 -103.410920998017,43.3643110086754 -103.411112799466,43.364291158444 -103.411682363317,43.3643080678364 -103.41177712392,43.3643171777419 -103.412831840635,43.3644185766912 -103.41301017226,43.3643535064265 -103.413957569584,43.3642270752519 -103.414403172799,43.3642062347401 -103.414741484904,43.364246944412 -103.414949685984,43.3643083542491 -103.415165666958,43.3643968941069 -103.415453627785,43.3645944840032 -103.415728808951,43.3647198538364 -103.415917010082,43.3647494736622 -103.416438473712,43.3647476930891 -103.41661060476,43.3647725829274 -103.416730935349,43.3648140628406 -103.416746685427,43.3648194928292 -103.416875665771,43.3649125427888 -103.41695766599,43.3649717027632 -103.417077536311,43.3650581927258 -103.417097366344,43.3650759427234 -103.417440106908,43.3653828726822 -103.417593307028,43.3655425726886 -103.417797386619,43.3658515528025 -103.417986586933,43.366020752781 -103.41846830862,43.3663020525646 -103.418873250205,43.366510262353 -103.419001620822,43.3665570522651 -103.419268792392,43.3666057720289 -103.419393722905,43.3666660219596 -103.419456253176,43.3666939019225 -103.419575413915,43.3667090518101 -103.420291158702,43.3667414510706 -103.420582490147,43.366840020864 -103.420978052866,43.3668454804419 -103.421368615816,43.3668058499752 -103.421633468246,43.3667059495773 -103.421686238794,43.366675249486 -103.421829560281,43.3665918592378 -103.421981201855,43.3665036389752 -103.422241965076,43.366264108425 -103.42244589796,43.3660147879249 -103.42262984142,43.3656436373097 -103.422839346298,43.3650612764293 -103.422877907196,43.3649540762671 -103.422919958175,43.3648372160901 -103.423049830891,43.3645283456017 -103.423312984494,43.3642258049734 -103.423485768667,43.3637194242146 -103.423569340006,43.363590013977 -103.423881084468,43.3631981031919 -103.423953665864,43.3630460229404 -103.424015437529,43.3628352626346 -103.424124002605,43.3620983716834 -103.424258345664,43.3617355311246 -103.42427950676,43.3615737409184 -103.424225247253,43.3614257008118 -103.424199457488,43.3613553607613 -103.423851610653,43.3604062500808 -103.42381808156,43.3602121798999 -103.423832593377,43.3599197295544 -103.423823565113,43.3596134492197 -103.423795715425,43.3595275191543 -103.423731085539,43.3594320791198 -103.423455555166,43.359171649138 -103.423320994856,43.3590662391717 -103.423206334471,43.3589971292237 -103.422992203407,43.3589266393868 -103.422947653315,43.3588900093961 -103.422889523898,43.3587226192744 -103.422843275858,43.3583347788925 -103.422802636507,43.3581766387616 -103.422767566533,43.3581311387505 -103.422625386014,43.3580526388241 -103.422584916003,43.3580070488191 -103.422507346242,43.3578754187602 -103.422456076707,43.3577362886631 -103.422448986771,43.3577170286496 -103.422426667678,43.3575366284735 -103.422539501305,43.357051927803 -103.422658293702,43.3567834273669 -103.422811985859,43.3565964469817 -103.423034718406,43.3564239265332 -103.423408102401,43.3561814458327 -103.423670755007,43.3560454953782 -103.423905257156,43.3559541750059 -103.424047038279,43.3559291148147 -103.424221739573,43.3559135045963 -103.424497851476,43.3559128042781 -103.424815433451,43.3559486939536 -103.425305377046,43.355910423347 -103.426350115046,43.3557717119876 -103.426657807496,43.3557147715685 -103.427165331537,43.3556208408767 -103.427442413841,43.3555526104793 -103.427869777851,43.3553693797762 -103.428410612316,43.3552417390053 -103.428960747552,43.3549926680823 -103.429362581542,43.3547820673738 -103.429582153874,43.354641006956 -103.429712145387,43.354534736682 -103.430006529512,43.3541739559212 -103.43006419032,43.354103295772 -103.430093620732,43.3540672256959 -103.430305373507,43.3538405151857 -103.430446735227,43.3537118848714 -103.430595526761,43.3536238745955 -103.430855569102,43.3535283941812 -103.431133761487,43.3534466637617 -103.431422283837,43.353383083351 -103.431597905219,43.3533528031109 -103.431717676161,43.353332152947 -103.431736786311,43.3533288629209 -103.432055638578,43.3533152225332 -103.432756043251,43.3533383217441 -103.433087815736,43.3533023513149 -103.433284047512,43.3532285009986 -103.433507779761,43.3531054905919 -103.433808792925,43.3529160100157 -103.434075685988,43.3527035594513 -103.434606702511,43.3522065582379 -103.435062628626,43.3516905270867 -103.435523135107,43.3511160158571 -103.435864180438,43.3505984148339 -103.435906431174,43.3505211846913 -103.435926681527,43.3504841846229 -103.436204026358,43.3499772336854 -103.43650524217,43.3493285025471 -103.436543453471,43.3491486722852 -103.436603495515,43.3488661118733 -103.436603647807,43.3484699013959 -103.436652669804,43.3481824209909 -103.436674140332,43.3481165108858 -103.436766522603,43.3478328004331 -103.436850774264,43.3476448501054 -103.43705635768,43.347296469438 -103.43711312887,43.3471576792022 -103.437164300562,43.3469252788598 -103.437174310893,43.3468798287929 -103.437367137267,43.3460040475016 -103.437897009751,43.3444669749965 -103.438134346882,43.3435112135468 -103.438243359013,43.3432704031206 -103.438460483255,43.342790782271 -103.438611046577,43.3423921316006 -103.43866502816,43.3421812612774 -103.438695079919,43.341911530912 -103.438714411971,43.3415786204828 -103.438705153467,43.3413083501652 -103.438659434667,43.3410465899033 -103.438600664922,43.3409332298383 -103.438439214802,43.3407644398335 -103.438098194,43.3405031499403 -103.437702092752,43.3402546101322 -103.43736207149,43.3400743803379 -103.436934079615,43.3398974406582 -103.436646438168,43.3398108009128 -103.436582497847,43.3397915409695 -103.436292166387,43.3397040812268 -103.436123485285,43.3396972714294 -103.435731982327,43.3397504519823 -103.435614411619,43.339735332111 -103.435418270726,43.3396601322661 -103.434847108129,43.3394411927184 -103.43433957604,43.3392091330771 -103.433949174553,43.3390101833296 -103.433712983941,43.3388403634242 -103.433677884307,43.3387363333448 -103.433699245442,43.3385655331153 -103.433830117675,43.338333202675 -103.433909830192,43.3379921221696 -103.433969291138,43.3378983819833 -103.434150223521,43.3376982515172 -103.434206104678,43.3375639412869 -103.434268087075,43.3372226108024 -103.43428813982,43.3367726502415 -103.434217431306,43.3364340099282 -103.434065652044,43.3361302797598 -103.434047682055,43.3361075397556 -103.434002922081,43.3360509197452 -103.433867792162,43.335879939714 -103.433508391622,43.3355553497867 -103.433350941044,43.3354721498889 -103.433063709706,43.3353691701335 -103.432551487054,43.3352315806248 -103.432383396092,43.3352022708049 -103.431660311181,43.335208841736 -103.431593750729,43.3352094518217 -103.430263241451,43.3352632435835 -103.429775307834,43.3353195842719 -103.428699289067,43.3355794559456 -103.428390806618,43.3356427564119 -103.428146464806,43.3356709167557 -103.427721041972,43.335665067291 -103.427529330564,43.3356849475581 -103.42730770864,43.3357584379248 -103.426905144852,43.3359420086477 -103.426712683131,43.3360143489753 -103.426685602889,43.3360245290214 -103.426667492735,43.3360299890507 -103.42659165209,43.3360528591733 -103.426342929974,43.3361278795752 -103.426082587922,43.3361783199638 -103.425834846192,43.3361884202901 -103.425521564368,43.3361390906322 -103.425502054272,43.3361329906501 -103.425246823019,43.336053170884 -103.425129992445,43.3360166409912 -103.425028002056,43.3359657110632 -103.424945631877,43.3359015410953 -103.42472837167,43.335686941129 -103.424520521738,43.3354364511108 -103.424339002009,43.3351818210548 -103.424255572457,43.335009580967 -103.424208483174,43.3348333408283 -103.42419526446,43.3345990305809 -103.424214425961,43.3343651802925 -103.424265647781,43.3341137499431 -103.424341439395,43.3339256896335 -103.424465361407,43.3337247992473 -103.425391264727,43.3325147666824 -103.425443575479,43.3324463965371 -103.425515406511,43.3323525263375 -103.426186465815,43.3315333245346 -103.426629381677,43.3310396533947 -103.426727062736,43.3309706731885 -103.426804493575,43.330915993025 -103.427000125372,43.3308331426751 -103.427344538339,43.3307208120971 -103.428088404189,43.3305734509569 -103.428358016475,43.3304916105105 -103.428585828615,43.3303866800918 -103.42880242076,43.3302680896716 -103.429308646188,43.3299193586054 -103.429787971802,43.3295072174985 -103.430210897356,43.3290402763996 -103.430353839477,43.3288405659788 -103.43056514261,43.3285453653561 -103.430863107831,43.3279911643154 -103.431032631388,43.3275747736041 -103.431127674165,43.3272068830476 -103.431146955865,43.326937002706 -103.43113957972,43.3262660519302 -103.43119584114,43.3260867216452 -103.431172811355,43.3260233716017 -103.431021221796,43.3257736715117 -103.430853061867,43.3255687514966 -103.430669221599,43.3254041515501 -103.430429010934,43.3252432716836 -103.430416810887,43.3252373816931 -103.43017927997,43.3251227818775 -103.429959988945,43.3250477420838 -103.42972138761,43.3250039423525 -103.429278054978,43.324948332882 -103.428984403201,43.3249172832396 -103.42871394142,43.3249135735978 -103.42844300953,43.3249278639774 -103.428128117166,43.3249730644515 -103.427751964136,43.3250624450584 -103.427300800097,43.3252386458648 -103.427273069849,43.3252494659143 -103.427068788135,43.3253096862567 -103.426736565443,43.3253909067941 -103.426667734886,43.3254077269054 -103.426305602157,43.3254612774508 -103.425914229419,43.3254829079986 -103.424901552534,43.3255049893774 -103.424537879794,43.325558509924 -103.424240137937,43.325536400297 -103.424033366865,43.3254840305143 -103.423622275293,43.3252847708398 -103.423542785025,43.3252400508958 -103.423015223251,43.3249432312692 -103.42273544244,43.3247637814433 -103.422567642076,43.3246354015249 -103.422203251796,43.3242701816063 -103.421787720663,43.3239921918554 -103.421752740568,43.3239687918764 -103.421309949362,43.3236725521436 -103.421131069034,43.3235260122222 -103.420913208875,43.3233068922733 -103.420576979052,43.3228970422739 -103.42032846978,43.3224929021638 -103.420320370338,43.3223892320603 -103.420389132408,43.3221155416647 -103.420361715064,43.3216340411701 -103.420356295589,43.3215387810723 -103.420419897678,43.3212560106732 -103.420684074293,43.3204312194005 -103.420804820813,43.3194603781604 -103.420926404553,43.3189622974414 -103.421128369402,43.3183662665022 -103.421304072533,43.3180320258885 -103.421320682829,43.3180004158304 -103.421382123924,43.3178835156156 -103.421748569579,43.3173347744978 -103.421796690284,43.3172690643579 -103.421815310556,43.3172436443038 -103.422740894108,43.3159797416049 -103.423007648864,43.3154701406616 -103.423130070694,43.3152962402953 -103.423476784885,43.3149723494461 -103.423971020643,43.3145469282741 -103.424117812296,43.3144303479366 -103.425258305125,43.3135246053066 -103.425848971712,43.3130644839498 -103.426330136687,43.3127559329177 -103.42676581183,43.3123671218563 -103.427378499058,43.3118203503603 -103.427744713595,43.3114561894212 -103.428029407285,43.3111449386576 -103.428234190475,43.3108290780016 -103.428263760936,43.3107834579068 -103.428485415292,43.310286747017 -103.428521678156,43.3098370064457 -103.428490979902,43.3095034061046 -103.428520300802,43.3093822459226 -103.428732413806,43.3091060152987 -103.429380921815,43.3084620736194 -103.429613515053,43.3081681029427 -103.429658216392,43.3079886226697 -103.429701209952,43.3074264219543 -103.429696331078,43.3072277717305 -103.429693691688,43.3071201516093 -103.429649692952,43.3068539113638 -103.429583503758,43.3066413912131 -103.429476604328,43.3064238111158 -103.429028815743,43.3056792709048 -103.428839346097,43.3054065308657 -103.4286923457,43.3053099609688 -103.428494694845,43.3052352111712 -103.428263683723,43.3051690014325 -103.427925031775,43.3051238218755 -103.42771398094,43.3050308820772 -103.427294928237,43.3050251226835 -103.427122847232,43.3050047429118 -103.426983586545,43.3049668130721 -103.426787915799,43.3048758032543 -103.426484844646,43.3047348335368 -103.425988582975,43.3044668739584 -103.425898432736,43.3044071040225 -103.425733802598,43.304247254082 -103.42564211235,43.3041874541486 -103.42489270929,43.3038754848953 -103.424709158604,43.3037882050663 -103.424361557307,43.3036229053907 -103.424229686815,43.303560195514 -103.423795795554,43.3032930758519 -103.423026433961,43.3027106763326 -103.42268427311,43.3024763365757 -103.422428192257,43.3023377367994 -103.421624579315,43.3019484575551 -103.421066597616,43.3016202280178 -103.421022617482,43.3015943580544 -103.41922627203,43.3005376195599 -103.418865190803,43.3003480298904 -103.418545849525,43.300213050219 -103.417888066652,43.2999759409423 -103.417563705237,43.2998590212997 -103.41611480892,43.2993367029017 -103.415870267855,43.299248543173 -103.414979534176,43.2988940341276 -103.414624642998,43.2987045144575 -103.414258062067,43.2984608047479 -103.413975861597,43.298231774928 -103.41364582133,43.2979165350894 -103.413297861431,43.2975200051928 -103.413168111752,43.2973246051814 -103.413072672212,43.2971431851332 -103.412921713709,43.2967268749206 -103.412795935858,43.2962285445837 -103.412719867158,43.2959271543804 -103.41264424946,43.2954578539991 -103.412597703662,43.2947008132699 -103.412632076104,43.2943275828229 -103.412742218921,43.29397343228 -103.412897751839,43.293651411701 -103.413002393362,43.2935087913895 -103.413344837416,43.2931983705349 -103.413584719906,43.2930396099979 -103.414330006361,43.2927617885563 -103.414822670403,43.2926156976421 -103.415200353502,43.2925037069407 -103.415748237761,43.2923807259648 -103.415966229335,43.2923522255983 -103.416110270286,43.2923482953721 -103.416185190781,43.2923462552545 -103.416573633145,43.2923696346813 -103.417577408892,43.2924915832676 -103.418737886249,43.2925121215032 -103.419200699008,43.2925500408323 -103.419669231575,43.2926268001955 -103.419921062955,43.2926680498534 -103.421069568931,43.2929102983548 -103.421588381631,43.293019727679 -103.422070313958,43.2931524470865 -103.422553355843,43.2933617165787 -103.423086437519,43.2936617160971 -103.42360491876,43.2940200457054 -103.424162619541,43.2945004853939 -103.4247787698,43.2951347951706 -103.425023169671,43.2954263151287 -103.425643038881,43.2962452751166 -103.425657168881,43.2962607951128 -103.426023518897,43.2966628550153 -103.426026798897,43.2966664550144 -103.426245428908,43.2969064049571 -103.42693439939,43.297586734694 -103.427816000427,43.2983867642845 -103.4285326216,43.2989819238944 -103.429173833004,43.2994544734803 -103.429863194892,43.2998983929646 -103.42989538498,43.2999191129406 -103.429968545197,43.299963502883 -103.430933968059,43.3005491221257 -103.430954118118,43.30056135211 -103.431452169598,43.3008634617221 -103.432264712216,43.3013219310529 -103.432822534241,43.3015981105505 -103.433436036877,43.3018316299169 -103.4338826692,43.3019322993744 -103.434200641036,43.3019726689513 -103.434764554505,43.3020073981574 -103.435869761589,43.3020265465433 -103.435886241695,43.3020268365192 -103.435998402414,43.3020287763554 -103.43708071964,43.3019975747147 -103.43808627663,43.3019205431317 -103.438539420065,43.301836482358 -103.439212415761,43.3016081210817 -103.440059563354,43.3012468893821 -103.440479427037,43.3010813985549 -103.440698199142,43.3009628180838 -103.440825710477,43.300874927786 -103.44083461057,43.3008687977652 -103.441005672361,43.3007508973654 -103.441254705229,43.3005336667268 -103.441655030698,43.3000348555139 -103.441699451334,43.2999744953729 -103.441718701609,43.2999483453118 -103.44198310539,43.2995890844723 -103.44221494861,43.2992905837555 -103.44258962334,43.2988904726976 -103.442738485379,43.2987033922419 -103.442967308939,43.2983418214487 -103.443494477584,43.2974304995196 -103.443689100507,43.2971404988639 -103.44381713223,43.2969846584758 -103.4440454248,43.2967941578924 -103.444310007447,43.296631167288 -103.444482828965,43.296561476939 -103.444902062393,43.2964366061472 -103.445067303888,43.2963623158034 -103.445107684317,43.2963329557053 -103.445255705891,43.2962252953455 -103.445456728387,43.2960164147776 -103.445642270937,43.2957803141984 -103.445729802475,43.2956104138513 -103.44578435375,43.2954492135651 -103.445805634247,43.2953863234534 -103.445846215771,43.2951657431134 -103.445881647101,43.2949731328164 -103.44597164886,43.2947672424194 -103.446093500539,43.2946113220365 -103.446280192837,43.29442025151 -103.4466169064,43.2941771906878 -103.446728088035,43.2940166203144 -103.446831890214,43.2937523798206 -103.446845111019,43.2936264996408 -103.44683358164,43.2935047795043 -103.446777042591,43.293274389299 -103.446586714465,43.292731518904 -103.446580944566,43.2927074888824 -103.446368698249,43.2918235780912 -103.445901876664,43.2898264762922 -103.445804078428,43.2894080859168 -103.445734559683,43.2891107056503 -103.445726299832,43.2890753656187 -103.445119750791,43.2864802833037 -103.444914144853,43.2855409924485 -103.444910085142,43.2854860023859 -103.44490701536,43.2854443823385 -103.444887246771,43.2851759320328 -103.444938988515,43.2849290016407 -103.445067200794,43.2846741111171 -103.445239923147,43.2844558405683 -103.445492846031,43.2842341598872 -103.445786769045,43.2840355391693 -103.445801819185,43.2840278491357 -103.445899780096,43.2839778089166 -103.446027151282,43.2839127386316 -103.446318553712,43.2838131480417 -103.44689427832,43.2836498669174 -103.447443872429,43.2835447659077 -103.447665443954,43.2835252655295 -103.447862575197,43.2835279352185 -103.448619689663,43.2835922340932 -103.449546955023,43.2836903427407 -103.450756361949,43.2838300509934 -103.45118060438,43.283879060381 -103.451709107253,43.2839672596537 -103.452988853591,43.2842907280383 -103.454610501228,43.2847718860924 -103.455709416181,43.2851382148324 -103.456651580432,43.2854522837561 -103.456734400795,43.2854818736643 -103.456866981375,43.2855292435174 -103.458511308585,43.2861166817018 -103.459005560823,43.286281041142 -103.460657557888,43.2869060193805 -103.460779698411,43.2869522292507 -103.462710256686,43.2876825272092 -103.464166532847,43.2882504157041 -103.464779745383,43.2885005250885 -103.464804325484,43.2885105550639 -103.465410227992,43.2887577744577 -103.465749309339,43.2889064041335 -103.465904259844,43.2889940240128 -103.466068070167,43.2891246739381 -103.466106720243,43.2891555039205 -103.46640950084,43.2893970037832 -103.466588191297,43.2895209636769 -103.46704848314,43.2897207332378 -103.467706356165,43.2899366525149 -103.468477350061,43.2901270715823 -103.468645671055,43.2901428313428 -103.469095224036,43.290126340621 -103.469333055347,43.2901655403064 -103.469707007111,43.2902808098875 -103.469794887525,43.2903078997892 -103.46988270794,43.2903349796909 -103.470191829629,43.2903886392866 -103.47080703334,43.290432878394 -103.471451097483,43.2904324773936 -103.471693819225,43.2903997069702 -103.472017101754,43.2903184763528 -103.473491093835,43.2898473933892 -103.473841336533,43.2897665127282 -103.474176148958,43.2897169521359 -103.474636112095,43.2896841513727 -103.474798053199,43.2896726011039 -103.47481439331,43.2896714310768 -103.476962437499,43.2896009876297 -103.479137242153,43.2894768340603 -103.479565085077,43.2894447933465 -103.479797226663,43.2894274129592 -103.480413830877,43.2893812419301 -103.48137411764,43.2892724202721 -103.481496878742,43.2892151999959 -103.481561959326,43.2891848698495 -103.481712500975,43.2890601494298 -103.481749171377,43.2890297693275 -103.481933213728,43.2888160987233 -103.482361349817,43.2882049471463 -103.482509711546,43.2880628367026 -103.482696903422,43.2879392562254 -103.483561990825,43.2875995343618 -103.484488068462,43.2872877324406 -103.484707070267,43.2872139919858 -103.484771220766,43.2871978518607 -103.485200094102,43.2870899510241 -103.48561178698,43.2870458703102 -103.485911578928,43.287040839831 -103.486158220368,43.2870666094818 -103.486787773598,43.2872145087152 -103.489280795563,43.2879543259264 -103.489465966503,43.2879999157059 -103.490845873515,43.2883396740657 -103.491451786313,43.288541273428 -103.492011598674,43.2887692629048 -103.492489660323,43.2890322025648 -103.492620580903,43.2890804724352 -103.492768311558,43.289134922289 -103.493004622864,43.289174051981 -103.493127333594,43.2891847618062 -103.493673406844,43.2892323910283 -103.494387160504,43.2894038701825 -103.49443801078,43.2894132601179 -103.494623361787,43.2894474998824 -103.49488432342,43.2894554294881 -103.495177975504,43.2894187689731 -103.495486707949,43.2893327883572 -103.49578257053,43.2892061076972 -103.495838761082,43.289170647554 -103.495963732308,43.2890917772352 -103.496083073479,43.2890164569307 -103.496416377071,43.2887461859853 -103.496815821734,43.2883552247454 -103.497177966254,43.2879457635328 -103.497661292941,43.287276751718 -103.498659067754,43.2857050076567 -103.498821159997,43.2854797270428 -103.498931851529,43.2853258766232 -103.499120893978,43.2850942359557 -103.499401567005,43.2848637951442 -103.499420947191,43.2848522650951 -103.499823721046,43.2846126940743 -103.500039903289,43.2845299736273 -103.500448040996,43.2844242231166 -103.50049372192,43.2844008530413 -103.500631024698,43.2843306128151 -103.500918830675,43.2841542922965 -103.501705466642,43.2837413709968 -103.502728827306,43.283223489355 -103.503505103518,43.2827293779693 -103.504114345329,43.2825122271506 -103.504390690676,43.282415756784 -103.50455375383,43.2823588265681 -103.50540719034,43.2820608754446 -103.505766717648,43.281868894876 -103.505769337701,43.2818674948718 -103.505993102029,43.2817893745803 -103.507131465586,43.2811018626867 -103.508494223615,43.2803092105041 -103.509375271559,43.2798291291615 -103.509930642869,43.2795264983238 -103.510367351662,43.2793070676954 -103.510851800952,43.2791512871237 -103.511336900396,43.2789684965176 -103.513359128633,43.2784184943105 -103.513927819452,43.2782510336809 -103.514368587837,43.2781212231955 -103.51440398851,43.2781108031567 -103.515233484288,43.2778665222497 -103.516833924552,43.277428040564 -103.517839063601,43.2771439095087 -103.519261460358,43.2767791680801 -103.519360092213,43.2767538779817 -103.519376772527,43.2767495979651 -103.520601234864,43.2765673369093 -103.521515291282,43.2764800961839 -103.522204983229,43.2764980157352 -103.523089388045,43.2766174952687 -103.523997353036,43.2767822948325 -103.524000843091,43.2767832748312 -103.52414842545,43.2768249047763 -103.524329378343,43.2768759447086 -103.524499201058,43.2769238346448 -103.524878717141,43.2770277844975 -103.525318974093,43.2771685343468 -103.525488836482,43.2772787843488 -103.525708199781,43.2773806643064 -103.526173537264,43.2775037141136 -103.526746916017,43.2777452239685 -103.527089271409,43.2778576938457 -103.527590919385,43.278008223648 -103.528178028587,43.2782100034394 -103.528189828772,43.2782140434352 -103.528593565187,43.278336293272 -103.529099683321,43.2784719330467 -103.52919356483,43.2784970930047 -103.529645071749,43.2786829928662 -103.529951346704,43.2787589627203 -103.530331322895,43.2788448925297 -103.531079165114,43.2790075721446 -103.532258674941,43.2791577914259 -103.533301352107,43.2793602608497 -103.53409423511,43.2795242104151 -103.534601263426,43.2796290501345 -103.535951545859,43.2798534493286 -103.536809229765,43.2800625288679 -103.537372948927,43.2801957985576 -103.537838976575,43.280291808287 -103.538096200728,43.280358128148 -103.538388875172,43.2804879380342 -103.538679389114,43.280707757995 -103.538871131289,43.2809353280354 -103.538990032429,43.2811169380929 -103.539019231263,43.2814414883362 -103.53900043954,43.281711388572 -103.538962127971,43.2818855087448 -103.538889795007,43.282214249072 -103.538803360803,43.2827354195698 -103.538716066397,43.2832926000999 -103.538654482671,43.2838050805736 -103.538631379942,43.2842550309647 -103.538676999946,43.2844086910535 -103.538855571709,43.2846721111205 -103.539021853785,43.2848333511124 -103.539156705469,43.284964111105 -103.53942367924,43.2851386110198 -103.539693253614,43.2852050808435 -103.540148291362,43.2852469104883 -103.540605479611,43.2851987100596 -103.541012956901,43.2851678896877 -103.541667288587,43.2851222090944 -103.542459533188,43.2849792183119 -103.542929471751,43.2849131678637 -103.543524562913,43.2847676672528 -103.543959800879,43.2846995268359 -103.543983771318,43.2846957768129 -103.54405653265,43.2846843867433 -103.54464947331,43.2846288962039 -103.544971339245,43.2845699558915 -103.545331876223,43.2844394754976 -103.545865776408,43.2842751649376 -103.546895325832,43.2840000938953 -103.547416035601,43.2838716333793 -103.54809606796,43.2837812127589 -103.548903302894,43.2836224719936 -103.54891335308,43.2836204919841 -103.549704917521,43.2835044612627 -103.54998809241,43.283517061038 -103.550432510339,43.2834866706554 -103.550999720316,43.2834758501842 -103.551815064985,43.283396129471 -103.552345524367,43.2833758190258 -103.552886383517,43.2834366986168 -103.553833839753,43.2835027078756 -103.553849930033,43.2835030678626 -103.554757725809,43.2835233871285 -103.555408416645,43.2836306566475 -103.556442774535,43.2836707258156 -103.55725533856,43.2837079851636 -103.558190064485,43.2837918044299 -103.558796184502,43.2839072839786 -103.558950757057,43.2839367338631 -103.558999877869,43.2839460838263 -103.559501015736,43.284123493484 -103.559866621242,43.2842991832508 -103.560334626707,43.2848363530721 -103.560574479475,43.2851185229794 -103.560887613384,43.2854286228318 -103.560959874147,43.2855276328077 -103.560990654472,43.2855698027974 -103.561126405906,43.2857557927511 -103.561254726593,43.2860635727562 -103.561333756421,43.2863707228028 -103.561274063146,43.2868112130212 -103.561101347442,43.2873403133754 -103.560971973863,43.2875998335908 -103.56084344048,43.2878233337928 -103.560449120953,43.2883406443535 -103.560169314199,43.2887063247557 -103.559842977225,43.2889543451576 -103.559646492876,43.2891332954133 -103.559617252228,43.2891599254514 -103.559540650533,43.2892296855516 -103.559248933659,43.2895771959689 -103.558920466189,43.2899152464212 -103.558779993096,43.2900397166074 -103.558429455377,43.290350287075 -103.558029807256,43.2905703775542 -103.557617618869,43.2907992980531 -103.55706774762,43.2911165387298 -103.556516376022,43.2914967894446 -103.556103107384,43.2917707199806 -103.555701948911,43.2920538105136 -103.555474373698,43.2922940608571 -103.555347520703,43.2924455410582 -103.555306279066,43.2926251211883 -103.555208156672,43.2927573313524 -103.555140745027,43.2928481514653 -103.554923999681,43.293151571836 -103.55468452435,43.2933736621911 -103.554433148903,43.2935776025511 -103.55424402468,43.2937553028358 -103.554090600806,43.2939874931136 -103.55404764877,43.2942390832887 -103.554005336883,43.2944636634496 -103.553925204151,43.2947237836688 -103.553833231464,43.2949344238752 -103.553807890724,43.2949924439322 -103.553716287974,43.2952164041463 -103.553699476716,43.2954052942636 -103.5536312341,43.2956835844829 -103.55362547276,43.2959266346175 -103.553546620325,43.296132744811 -103.553449907379,43.296377595045 -103.553323653533,43.2966972253518 -103.553229690236,43.2970202056268 -103.553235819011,43.2972814257603 -103.553232408216,43.2974254558413 -103.55317947651,43.2975778659814 -103.553051323211,43.2977833562334 -103.553083592765,43.2979818663048 -103.553238684376,43.2981999462501 -103.553405886153,43.2984271761853 -103.553609418429,43.2986818860928 -103.553750689477,43.2989628160823 -103.553759129474,43.2989926060884 -103.553826729444,43.2992313061375 -103.553853069433,43.2993242961564 -103.553882989507,43.2994128461688 -103.554002819804,43.2997674262176 -103.554115710636,43.2999934162058 -103.554179361105,43.3001208461988 -103.554188401135,43.3001459862014 -103.554283451458,43.3004103062283 -103.55431232022,43.3007528563715 -103.554265947389,43.3011484766296 -103.554132452849,43.3015790170093 -103.554039559799,43.3018569872635 -103.554071829355,43.3020555073285 -103.554140229359,43.3022904873691 -103.554270680543,43.3025082473258 -103.55442493196,43.3027623372714 -103.554553462697,43.3030611172693 -103.554609912585,43.3032779373116 -103.554713212744,43.3036034173513 -103.55477357299,43.3037634973587 -103.554807383128,43.3038531573627 -103.554829213217,43.3039110473652 -103.554885072957,43.3041548774196 -103.554994084455,43.3042372973268 -103.555239318477,43.3042944170531 -103.555582934178,43.3043617966624 -103.555875978718,43.304482556359 -103.556084442142,43.304530206124 -103.556330746412,43.3045423158249 -103.556713483257,43.3045201353407 -103.557057529058,43.3045694949376 -103.557424744944,43.3046821845338 -103.557791740782,43.3048038741327 -103.558135586534,43.3048622337308 -103.55852873315,43.304921213267 -103.558836018353,43.3049611029012 -103.559390888124,43.3049590922087 -103.559700953398,43.3049947818368 -103.559765404494,43.3050022017594 -103.560005688581,43.3050298614708 -103.56061962884,43.3051366407464 -103.561025105673,43.3051957702622 -103.561232728902,43.305279420034 -103.561402961385,43.3053806098586 -103.56170706585,43.3055555295414 -103.562098091975,43.3057045191031 -103.562564359694,43.3058004185488 -103.562662861364,43.3058129384287 -103.562957726363,43.305850388069 -103.563235181227,43.3058538677195 -103.563265871765,43.3058542576808 -103.563624378278,43.3058137372142 -103.563908093298,43.305808296854 -103.564128896941,43.3058560865904 -103.56434843029,43.305957896345 -103.564530562892,43.3060772361516 -103.564653084776,43.3061311060129 -103.564762426458,43.3061791958888 -103.565105911955,43.3062875754849 -103.565178543118,43.3063104853993 -103.565545568963,43.3064321449676 -103.566110238365,43.3065382742771 -103.566651097531,43.3066080936048 -103.567019403672,43.3066757331514 -103.567473351179,43.3067714625944 -103.567854407635,43.306821262118 -103.5683225858,43.3068361215206 -103.568766113533,43.3068506809546 -103.569099129418,43.3068458405259 -103.569543927445,43.3068063799465 -103.569604258521,43.3068035598684 -103.57000062559,43.3067850693561 -103.570382742291,43.3067898488669 -103.570629476663,43.3067839285493 -103.571023913581,43.3067888480443 -103.571294238141,43.3068282477045 -103.571848707819,43.3068441769954 -103.572340906271,43.3068863363701 -103.572599550761,43.3068985660397 -103.572672871912,43.3069264959497 -103.572881155294,43.3069831156902 -103.5729901968,43.3070655255618 -103.573123458642,43.3071662354044 -103.573171079116,43.3072388653531 -103.57325547019,43.3073209652555 -103.573425712862,43.3073858050441 -103.573426562876,43.307386125043 -103.573554984961,43.3074210448814 -103.573634846257,43.3074429347808 -103.573893060651,43.3074731544501 -103.574089023818,43.3075296242029 -103.57424736619,43.3076126340074 -103.574418458876,43.3076777937927 -103.574568791298,43.3077226536022 -103.574638862427,43.3077435535134 -103.574692203351,43.3077466534443 -103.574835875838,43.3077550032581 -103.575045209465,43.3077666229868 -103.575082190114,43.3077670829387 -103.57534020446,43.3078063226065 -103.575759091763,43.307820582062 -103.576153528682,43.3078255615483 -103.576325681612,43.3078457413255 -103.576533544898,43.30792037106 -103.576901240899,43.3080150405863 -103.577255976539,43.3081364101298 -103.577649153168,43.308195249618 -103.57809186071,43.3082457090399 -103.578387905949,43.3082403986513 -103.578598719916,43.3081890883731 -103.578822064148,43.3081289480787 -103.578945116262,43.3081394579179 -103.579104728928,43.3081683977095 -103.579325352531,43.3082250574215 -103.579534895952,43.3082788671475 -103.579582736733,43.3082911570849 -103.579603407074,43.3082958070578 -103.580048834418,43.3083959864734 -103.580675605011,43.3084848056486 -103.581142752939,43.3085446350326 -103.581303415848,43.3085286148212 -103.581551410512,43.3084686544961 -103.581799615225,43.3083996941715 -103.582096080561,43.3083763537826 -103.582329454477,43.3084152634743 -103.582762762482,43.3083395929082 -103.583233891329,43.3082283622959 -103.583616638178,43.3082060917955 -103.58377688099,43.3082080715853 -103.584121186852,43.3082483511308 -103.584318210264,43.3082597908714 -103.584477733005,43.308273440661 -103.584564314493,43.3082808505468 -103.58472267687,43.3083638503315 -103.584807297997,43.3084369302137 -103.584977980591,43.3085200899813 -103.585051321744,43.308548009882 -103.585210934411,43.3085769996689 -103.585542920058,43.308617119227 -103.585690422557,43.3086369490303 -103.585986047699,43.3086496086387 -103.586267892289,43.3087251282577 -103.586561016853,43.3088458178553 -103.586645627981,43.308918897734 -103.58687650132,43.3090658274087 -103.587118854683,43.3092489070618 -103.587143095019,43.309267217027 -103.587495350089,43.3094966865248 -103.587932856433,43.3097722258979 -103.588248771,43.3099742254417 -103.588467104076,43.3101300051224 -103.588612526095,43.3102398549079 -103.588767777754,43.3104578846612 -103.588803718163,43.3105033446047 -103.588933889292,43.3107390743874 -103.589064280471,43.3109658041702 -103.589080830505,43.3110178941384 -103.589156220663,43.3112550839934 -103.589191750976,43.3113185539333 -103.589228101481,43.3113460238786 -103.589372483261,43.3115008836522 -103.589422623895,43.3115514535739 -103.589444784175,43.3115738035393 -103.589502644943,43.3116248234502 -103.5895897961,43.3117016633158 -103.589854949469,43.3119660628993 -103.590328216182,43.3122960721774 -103.590572479985,43.3123981318163 -103.590731062415,43.3124721215798 -103.591060577493,43.3126202510881 -103.591514815073,43.3127068904333 -103.591833460272,43.3127918499675 -103.592125784654,43.3129485295207 -103.592407239155,43.3130420391026 -103.592567081875,43.3130620188728 -103.592739454859,43.3130731386274 -103.592875267289,43.3130658084381 -103.593048060369,43.3130589281966 -103.593159632462,43.3130332780462 -103.593382146504,43.3130090077395 -103.593740482976,43.312977387244 -103.594049078486,43.3129631768141 -103.594369594117,43.3129671063625 -103.594378984277,43.312968156349 -103.594640178738,43.3129974459735 -103.594911173454,43.3130097755888 -103.595243609206,43.3130318751147 -103.595539464404,43.3130355046974 -103.595784978496,43.3130835443372 -103.596116374009,43.3131506438494 -103.596325527596,43.3131712135481 -103.596596112217,43.3132015431568 -103.596804025517,43.3132761328391 -103.597059579302,43.3134233424292 -103.597316183325,43.3135255420315 -103.597646548601,43.3136376515247 -103.598258168334,43.3138522505801 -103.598895898836,43.3140041396162 -103.599334826706,43.3139774990003 -103.599374927425,43.3139750689441 -103.599513319907,43.31396666875 -103.599859736258,43.3139168782756 -103.60039354643,43.3137613275775 -103.600903326311,43.313578466928 -103.601264963544,43.3134027864888 -103.601487897681,43.3133604961913 -103.601672600882,43.3133717559255 -103.602030717306,43.3133491154291 -103.602339742911,43.3133168750065 -103.602587117433,43.3132838746717 -103.602896133038,43.31325162425 -103.603315070355,43.3132657436523 -103.603548054186,43.3133226232971 -103.60376788761,43.3134153529432 -103.60402264121,43.3135985524963 -103.604110642678,43.3136157623633 -103.604268165305,43.3136465721252 -103.604291145684,43.31365204209 -103.604587040558,43.313722501636 -103.604905905811,43.3137984211458 -103.605003707355,43.3138356309884 -103.605161699649,43.3139366107136 -103.605442764064,43.3140480902573 -103.605821840069,43.3141877796454 -103.606397339353,43.31436588873 -103.606618002969,43.3144225983839 -103.606924758054,43.3144893679085 -103.607624359696,43.3146329568259 -103.607683160692,43.3146413267368 -103.607756401933,43.3146517566257 -103.608177479069,43.3147117159865 -103.608387052753,43.3147142656832 -103.608573826346,43.314652425449 -103.608623127295,43.3146360953873 -103.608810630947,43.3145648551579 -103.608921673109,43.3145226650224 -103.609094676237,43.314506754783 -103.609248348904,43.3145156445572 -103.609488753077,43.3145295542038 -103.610067763166,43.3145546033571 -103.610550602089,43.314470422714 -103.610649633916,43.3144536125819 -103.610786066489,43.314419252407 -103.611099593131,43.3141889320985 -103.611600913682,43.3138348316024 -103.612052713317,43.313489131178 -103.612454371897,43.313178830808 -103.612491762641,43.3131612807665 -103.612719607904,43.3129029006121 -103.613108726218,43.3126014602625 -103.613371291613,43.31244256 -103.613636916908,43.3123153197139 -103.613682967826,43.3122932596644 -103.613820200584,43.3122228795203 -103.614082565931,43.3120729792562 -103.614201768515,43.3119726191585 -103.614409423017,43.3117977889894 -103.614660268334,43.31161172877 -103.614823591853,43.3114786386362 -103.614874133001,43.3114252186034 -103.615078377502,43.3112378384523 -103.615125988552,43.3111941484173 -103.615195570513,43.3110413784281 -103.615268752576,43.3108807084398 -103.615321134146,43.3107462784621 -103.615371055153,43.3107198684126 -103.615433096329,43.3107026083402 -103.615769002877,43.3105715979757 -103.616291032953,43.3103888173977 -103.616776892566,43.3101695668989 -103.617077848932,43.3099480966547 -103.617353944817,43.3097353164401 -103.617717962592,43.3094515661632 -103.617844705552,43.3093000161071 -103.617985199056,43.3090855960807 -103.618049080653,43.3089873160697 -103.618200263998,43.3088450659764 -103.618426438875,43.3086587058184 -103.618539621337,43.3085610157434 -103.618592402998,43.30840857579 -103.618614383497,43.308385105779 -103.619009382475,43.3079633755846 -103.619151205453,43.3078631654769 -103.619285048262,43.3077685953757 -103.619372970151,43.3076976153163 -103.619748677995,43.307441015029 -103.619764858344,43.3074276250186 -103.620113075855,43.307139244796 -103.620443143673,43.3067200047051 -103.620550717458,43.3063250948837 -103.620640059672,43.3061911048774 -103.620730822212,43.3059940949206 -103.620930286185,43.305897444746 -103.621304143604,43.3057218544163 -103.621756233298,43.305358114146 -103.621844555278,43.3052691241088 -103.621972498512,43.305063564119 -103.622153603496,43.304687544206 -103.622307617488,43.3044192542391 -103.62234561837,43.3043746942295 -103.622548093739,43.3039964842974 -103.62258850533,43.3038123944027 -103.622661878218,43.3034781245947 -103.622667880165,43.3030928249122 -103.622589090255,43.302784375267 -103.622546750763,43.3025222455383 -103.622529651842,43.3022337858012 -103.622535333147,43.3019816960062 -103.622453312614,43.3017916362631 -103.622335951807,43.3015290866216 -103.622305082558,43.301258576884 -103.622358854447,43.3010611169862 -103.62235987468,43.3010161070227 -103.62244981703,43.3008551070526 -103.622476008676,43.3006071972302 -103.622481179,43.3005583272652 -103.62248178914,43.3005313172872 -103.622468650439,43.3002113375709 -103.622465880713,43.3001439276306 -103.622437452023,43.2997653879807 -103.622286581362,43.2993493485008 -103.622167410137,43.2991678187873 -103.622060349081,43.2989954490516 -103.622055299035,43.2989865290647 -103.62199997853,43.2988888992081 -103.621906227675,43.2987234494506 -103.621691305378,43.2984146999462 -103.621412311443,43.2982132304224 -103.621047666138,43.2979837210141 -103.620990115993,43.2978029312243 -103.620895185108,43.297639701461 -103.620665291991,43.2974478318682 -103.620580650855,43.2973747720197 -103.620510570448,43.297202842234 -103.620439069714,43.2970939223991 -103.620318878259,43.2969574026388 -103.620210206832,43.2968570428367 -103.620174046372,43.2968205829049 -103.620215588238,43.2965833230483 -103.62021651828,43.2965779730515 -103.620371542502,43.296264673134 -103.620523295976,43.2960954131065 -103.62078537125,43.2959545029395 -103.621182188709,43.2958512226 -103.621440583142,43.2958723423073 -103.621623826003,43.295946592051 -103.621782608479,43.2960115418279 -103.621990091677,43.2961040815294 -103.622005541935,43.2961067815106 -103.622018312149,43.2961090214951 -103.622432139065,43.2961814409913 -103.622751144345,43.2962483205929 -103.623058839641,43.2962700302442 -103.623279463243,43.2963267099588 -103.623585128074,43.296438449534 -103.62394172414,43.2964787591149 -103.624201548901,43.2964368588714 -103.624425013154,43.2963675086916 -103.624549875682,43.2962969686194 -103.624587466468,43.2962704086025 -103.625285540355,43.2959276081597 -103.625485564455,43.2958039480574 -103.625820550786,43.2957089177869 -103.626068255376,43.2956578675702 -103.626301599286,43.2956966872869 -103.626496352178,43.2958070869786 -103.626812526808,43.2959999764635 -103.626933338407,43.2961094862328 -103.626956418276,43.2962220361036 -103.626966658218,43.2962719660463 -103.627085879739,43.2963921458064 -103.627111310063,43.2964177757552 -103.627272412196,43.2965638154452 -103.627292522462,43.2965820354065 -103.627523645863,43.2967198850274 -103.627612256968,43.2968145148423 -103.627728298416,43.2969384545996 -103.628014571412,43.2973651038833 -103.62833983552,43.2977021832048 -103.628715010631,43.2980128324921 -103.6292134479,43.2983249716359 -103.629579743585,43.2984824410732 -103.629910698994,43.2985674406194 -103.630254774803,43.2986165901854 -103.630560469642,43.2987282997312 -103.630814643109,43.2989384492347 -103.631176507779,43.2992939684672 -103.631527872651,43.2995683077892 -103.631747896119,43.2996519774529 -103.631895118657,43.2996622872743 -103.631968289918,43.2996674171855 -103.632523369485,43.2997062765117 -103.633372784145,43.2997614454834 -103.633951054058,43.2998133747669 -103.634036725431,43.2998414146389 -103.634786138044,43.2999584136542 -103.6354359387,43.3001192427325 -103.635500379731,43.3001406326349 -103.636280332213,43.3003994514492 -103.636312712743,43.3004077714025 -103.636537746424,43.3004655510778 -103.636834620978,43.3006060405762 -103.636908842117,43.3006411704506 -103.636928132413,43.3006503004179 -103.637380749619,43.3008087697126 -103.638309224144,43.3011890181931 -103.638664049809,43.3013102976367 -103.638995825409,43.30135926719 -103.639538545002,43.301347716566 -103.640169956656,43.3012291559655 -103.640618085437,43.3010363756714 -103.641439781563,43.3006769451484 -103.641777948153,43.3005388449245 -103.641825469079,43.3005194348932 -103.641854479616,43.3005137548666 -103.64217218549,43.3004515145752 -103.642541941966,43.300455904142 -103.643021420111,43.3005156135128 -103.643391176587,43.3005200030791 -103.643787793998,43.3004256527388 -103.644157871117,43.3002939524781 -103.644620390013,43.3001293521551 -103.644634540283,43.3001249121445 -103.645588748446,43.2998256614354 -103.646545576842,43.2994858007882 -103.646743160755,43.2993910506886 -103.646857103012,43.2993364006315 -103.647106798056,43.2991952805357 -103.647407594374,43.2989737204909 -103.647635829714,43.2986882606159 -103.647740022714,43.2984373608355 -103.647833085771,43.2981323011412 -103.647948798804,43.2979175613016 -103.648137262859,43.2977577013087 -103.64861159242,43.2974931611448 -103.648862267688,43.2973070211234 -103.64924158634,43.2968792812947 -103.649450821106,43.2966444013905 -103.64954626328,43.2965372714348 -103.649582924116,43.296496101452 -103.649714138088,43.2961374618056 -103.649854891641,43.2959050019764 -103.649897443559,43.2956533722793 -103.649819543956,43.2952742528861 -103.649678833004,43.294948423484 -103.649222077448,43.2944207646857 -103.648943413582,43.2942013552742 -103.648722980021,43.2941357255911 -103.648440325246,43.294096365936 -103.648182120857,43.2940662962427 -103.64785196563,43.2939453367453 -103.647230436233,43.2936228278132 -103.646839870203,43.2934471184446 -103.64677106906,43.2934336885323 -103.646545295306,43.2933896088201 -103.64607738721,43.2933660593266 -103.645585038728,43.2933332198695 -103.64490762697,43.2933071905908 -103.644303366322,43.2933180411902 -103.643573853063,43.2934174518056 -103.643031403537,43.2934200223541 -103.642588355918,43.2933877528448 -103.642156308655,43.2933208333663 -103.642084677451,43.2933097434526 -103.641810362737,43.2932890337564 -103.641518587724,43.2932670040792 -103.640914727167,43.2932598347002 -103.640545410796,43.2932374351015 -103.640165384576,43.2931428755993 -103.639589985322,43.2929649363912 -103.639357191549,43.2928991267032 -103.639124497778,43.2928333370145 -103.638694370514,43.2927741975156 -103.638152131036,43.2927677380676 -103.637624022187,43.2926804086975 -103.637170864861,43.2925489493005 -103.636868860213,43.2924116397569 -103.636682747349,43.2923270200374 -103.636144948885,43.2921225107999 -103.635789373053,43.2920372312465 -103.635333605131,43.2920227917134 -103.635049159948,43.2920644219495 -103.634403297597,43.292281832355 -103.634192583659,43.2923333425094 -103.633958239521,43.292339552736 -103.633218826599,43.2923307234815 -103.633182256045,43.2923122735374 -103.632518404784,43.2922323042811 -103.632322231569,43.292184934525 -103.631922915021,43.2920893850194 -103.631807273125,43.2920617151623 -103.631183223159,43.2918561459883 -103.63070745587,43.2916343466799 -103.630611904841,43.29149812691 -103.630577764843,43.29137165707 -103.630581205629,43.2912186172196 -103.630635747692,43.2909851474004 -103.63068283065,43.2905354678055 -103.630827075006,43.2901499980545 -103.631060401515,43.2896395183478 -103.631083042465,43.2895228284443 -103.631124304197,43.2893100786207 -103.631144045025,43.2892082887052 -103.631189297566,43.2888396390361 -103.631266469596,43.2886964891098 -103.631417572917,43.288554219115 -103.631756550158,43.2882791290845 -103.631945364574,43.2880451091522 -103.632022796384,43.2879491391805 -103.632340553978,43.2875207093353 -103.632545179127,43.2871899794949 -103.632750814506,43.2868142397032 -103.63275585566,43.2865891799336 -103.632577483911,43.2862989003927 -103.632507993637,43.2860999606601 -103.632513664935,43.2858467209182 -103.632517305769,43.285684071084 -103.632519086175,43.2856048311648 -103.632603919957,43.2851195915966 -103.632575431251,43.2847410520145 -103.632483311008,43.2844518023925 -103.632232628342,43.2840886129781 -103.632004365599,43.2838247434393 -103.631986785553,43.2837695435106 -103.631958305478,43.283680123626 -103.631940126526,43.2833917539372 -103.631834275747,43.2831653642558 -103.631619553497,43.2828476347549 -103.631436543295,43.282215115546 -103.631351472527,43.2820632657678 -103.63122324137,43.2818343661012 -103.631020249198,43.2815437865541 -103.630693024649,43.2812967370574 -103.630240977584,43.2811202375836 -103.629861851577,43.2809896380054 -103.62955705695,43.2808419083849 -103.628997358696,43.2805200391261 -103.628532601327,43.2803613796319 -103.627711738012,43.2801444304585 -103.627195879369,43.2800662109201 -103.627073327322,43.2800463010307 -103.62671698137,43.2799884213519 -103.62609226126,43.2798188319751 -103.625492381627,43.2796405425835 -103.625307768455,43.2796293127307 -103.624963802679,43.27958016303 -103.624608116827,43.2795038433613 -103.624277481499,43.2794098236884 -103.624057328008,43.279335143916 -103.623836164286,43.2793054641049 -103.623615000563,43.2792757942933 -103.623331005488,43.2792993844821 -103.623046820367,43.2793319846637 -103.62281271629,43.2793291648387 -103.622580652679,43.2792363250879 -103.622201146587,43.2791237054608 -103.622133335512,43.2791007855296 -103.622139818712,43.2784552860623 -103.622176266684,43.2748304090565 -103.627124903085,43.2748226758582 -103.632073499485,43.2748149326616 -103.637022135886,43.2748071994663 -103.641970762285,43.2747994562727 -103.646928538844,43.2747918630744 -103.651886335402,43.2747842898776 -103.65684413196,43.2747767166823 -103.661801898517,43.2747691434885 -103.661768311198,43.2784069476171 -103.661734733879,43.2820447717504 -103.661701146558,43.2856826058886 -103.661667569236,43.2893204000318 -103.666650696469,43.2893349953441 -103.671633833702,43.2893495506537 -103.671611356781,43.292978574086 -103.671588859859,43.2966075975215 -103.671566392957,43.3002322609682 -103.671543976096,43.3038478344345 -103.67360949241,43.3038501119015 -103.676515253497,43.3038533583374 -103.67855912943,43.3038556158304 -103.681486500905,43.3038569722431 -103.681505047586,43.3002294795195 -103.681523514224,43.2966110167805 -103.686498071543,43.2966104114066 -103.686465604726,43.3002326237961 -103.686433077873,43.3038622561747 -103.68845323339,43.3038643936962 -103.691379654849,43.3038656701095 -103.693405510473,43.303866287627 -103.696331931932,43.3038675640401 -103.697870138982,43.3038679321552 -103.699883994394,43.3038687196869 -103.699957585688,43.3038688495965 -103.702816215937,43.3038742160823 -103.704834911421,43.3038779636003 -103.707762302879,43.3038834300006 -103.709785818461,43.3038843875193 -103.712708269832,43.3038898239247 -103.714736735489,43.3038936114294 -103.717654266774,43.3038990478398 -103.719687622529,43.3038999653456 -103.722598953707,43.3039050517638 -103.724631609439,43.3039086092625 -103.727543640629,43.3039137156788 -103.729575636361,43.3039146131855 -103.732488247561,43.3039197196002 -103.734519693272,43.3039232770992 -103.737359123186,43.303928253603 -103.737432884483,43.3039283835121 -103.737432544012,43.3040377031711 -103.737421478904,43.3075466122254 -103.732478401921,43.3075392786629 -103.732468576288,43.3111573677315 -103.732458720654,43.3147752568021 -103.727518783565,43.3147672039465 -103.722578806476,43.3147591510894 -103.717638839388,43.3147508782313 -103.717633683592,43.3183681683632 -103.71762657779,43.3219790085166 -103.717619471987,43.325589848671 -103.717612366184,43.3292006888264 -103.717607194679,43.3318293916602 -103.717606823852,43.3320182911452 -103.717605260381,43.3328115289829 -103.717596524549,43.336422149144 -103.717587778717,43.3400327693063 -103.717579032885,43.34364335947 -103.717570287053,43.3472539896349 -103.717568191329,43.3508667397808 -103.717566115605,43.354479529927 -103.717564009882,43.3580922900735 -103.717561904157,43.3617050702204 -103.717551438304,43.3653131104008 -103.717540972451,43.3689211205829 -103.717530506597,43.3725291607664 -103.717520010743,43.3761371909515 -103.717516634983,43.3797528110979 -103.717513249222,43.383368401245 -103.717515873558,43.386986611368 -103.717518126381,43.3909518405452 -103.712563027217,43.3909587051703 -103.707607908053,43.3909655697969 -103.702652818889,43.3909724344247 -103.697697689723,43.390979299054 -103.697691673671,43.394575450679 -103.697685647618,43.398171572305 -103.697679601564,43.4017677239317 -103.697673575511,43.4053638755594 -103.693208264938,43.405353160058 -103.688247305424,43.4053408861645 -103.683291296018,43.4053246422606 -103.678335256612,43.4053083983537 -103.678344150431,43.408921311282 -103.67835306425,43.4125342442088 -103.67836195807,43.4161471471345 -103.67837085189,43.4197600600589 -103.673417112276,43.4197260975967 -103.668463402664,43.4196921351277 -103.663509673054,43.419658182652 -103.658555933445,43.4196241901698 -103.653605363876,43.4195941476639 -103.648654794309,43.4195641051521 -103.643704224743,43.4195340626344 -103.638753625178,43.4195040201109 -103.633809555775,43.4194651475679 -103.628865486373,43.4194262350172 -103.623921386973,43.419387362459 -103.618977317575,43.4193484598931 -103.614035058161,43.4193200273061 -103.609092818749,43.4192915947135 -103.604150579338,43.4192631621153 -103.599208319928,43.4192347295115 -103.594269690526,43.4192183568861 -103.589331071125,43.4192020042574 -103.584392441724,43.4191856316255 -103.579453842325,43.4191692489903 -103.575005831762,43.4191634146283 -103.570038791803,43.4191561220896 -103.565071831883,43.4191414695471 -103.560104871964,43.4191267870016 -103.555169392564,43.4191223643477 -103.550233903163,43.4191179316929 -103.545298413763,43.4191134890373 -103.540362904363,43.4191090663809 -103.54039813612,43.422768119154 -103.540433377879,43.4264271719219 -103.540468609639,43.4300862046847 -103.540503871401,43.4337452574423 -103.540519922967,43.4373746202459 -103.540535964534,43.4410039730471 -103.540552006101,43.444633305846 -103.540568077669,43.4482626686425 -103.545498677697,43.4482569484528 -103.550429277724,43.4482512382643 -103.55535987775,43.4482455180769 -103.560290507778,43.4482397678905 -103.565219837713,43.4482474177145 -103.57014918765,43.4482550575369 -103.575098477962,43.448260427276 -103.579525018736,43.4482649991541 -103.584462488773,43.4482824489385 -103.58939991881,43.4482998687197 -103.594337358848,43.4483173184975 -103.599274788887,43.4483347382718 -103.60421980909,43.4483469680141 -103.609164829294,43.448359197754 -103.614109819498,43.4483714474916 -103.619054839703,43.4483836772267 -103.623998579826,43.448408156954 -103.628942319951,43.4484326366764 -103.633886060077,43.4484571063941 -103.638829800204,43.4484815861069 -103.638836273242,43.4521113718541 -103.638842746281,43.4557411776003 -103.63884923932,43.4593709533456 -103.638855712359,43.4630007590899 -103.638840795023,43.4666268149331 -103.638825877687,43.4702528707784 -103.638810450353,43.4738763466313 -103.638794562499,43.4776086023619 -103.643748783542,43.4776207091752 -103.648702994586,43.4776328459861 -103.653657215631,43.4776449727946 -103.658611436676,43.4776570796007 -103.658650190686,43.4812771337792 -103.658688964697,43.484897177952 -103.65872771871,43.4885172321193 -103.658766492724,43.492137256281 -103.663697933647,43.49215674176 -103.668629404571,43.4921762372352 -103.673560875496,43.4921957227065 -103.678492346422,43.4922152181739 -103.678508400322,43.4958410110143 -103.678524464222,43.4994668338522 -103.67854051113,43.5030926483095 -103.678556551595,43.5067184630471 -103.678571482211,43.5103336978035 -103.678586432826,43.513948902558 -103.678601363438,43.5175641073107 -103.678616324047,43.5211793120613 -103.673671576011,43.5211353793033 -103.668726817963,43.5210914565376 -103.663782069904,43.5210475237642 -103.658837311834,43.521003600983 -103.65390909372,43.5209803980829 -103.648980835601,43.5209571651788 -103.644052577476,43.5209339322707 -103.639124329345,43.5209106993585 -103.634179101047,43.5208780965416 -103.629233882741,43.5208455037188 -103.624288654427,43.5208129108903 -103.619343426104,43.5207802880562 -103.614391787446,43.5207619752474 -103.609440138784,43.5207436324354 -103.604488500116,43.5207252896201 -103.599536861444,43.5207069768016 -103.599522218675,43.5243337767803 -103.599507555908,43.5279606067611 -103.599492913144,43.5315874267437 -103.599478280384,43.535214226728 -103.604433457223,43.5352363182528 -103.609388624057,43.5352584097739 -103.614343800886,43.5352805012909 -103.619298967709,43.5353025628042 -103.619289003251,43.538925441491 -103.619279038794,43.5425483301791 -103.619269044339,43.5461711788686 -103.619259079886,43.5497940575592 -103.619241605313,43.5534165462968 -103.619224110741,43.5570390650367 -103.619204476151,43.5606606437925 -103.619185423392,43.5641608525929 -103.624170606837,43.5641972513739 -103.624436751292,43.564199179707 -103.625355266672,43.5642054639544 -103.629155760287,43.5642326401492 -103.632217151502,43.5642562209698 -103.634111993188,43.564271549097 -103.639068226059,43.5643116980372 -103.643578661764,43.5643291797802 -103.644044769587,43.56433097686 -103.644915694205,43.5643343514035 -103.644979655278,43.5643346010028 -103.646123144471,43.5643390238384 -103.646392548992,43.5643400621505 -103.646798285802,43.5643416296083 -103.647074520438,43.5643426978776 -103.649021283123,43.5643494756805 -103.651414123165,43.5643661406799 -103.65169590788,43.5643680989134 -103.654002706481,43.5643841144508 -103.658984109829,43.5644187532151 -103.663953933012,43.5644510020487 -103.668923746187,43.5644832308767 -103.67140131766,43.5644986053354 -103.67390150951,43.5645140596511 -103.673860387782,43.5609144647512 -103.678833481237,43.5609598838457 -103.678787050287,43.5573349893267 -103.683747254438,43.5573524388543 -103.683689263712,43.5537293747154 -103.688649668223,43.5537527345477 -103.693612232918,43.5537669843782 -103.697757033657,43.5537787391785 -103.697753162047,43.5574004927963 -103.697770040782,43.5610226362852 -103.697786889514,43.5646448097721 -103.700144269185,43.5646459149951 -103.702762983231,43.5646484285774 -103.707739076929,43.5646531773799 -103.712713320574,43.5646590961907 -103.717687574217,43.5646650350004 -103.722663067931,43.5646680138078 -103.72423090431,43.5646689639785 -103.727638551638,43.5646713726139 -103.732615755445,43.5646707014182 -103.737592959252,43.5646700402226 -103.742572363136,43.564667179019 -103.747551737021,43.5646642878161 -103.752531174354,43.564661471231 -103.756292648192,43.5646593794213 -103.756611720214,43.5646591992677 -103.757510755912,43.5646586788353 -103.762500777471,43.5646594764248 -103.767490819031,43.5646602440144 -103.772480870591,43.5646610116039 -103.777470882151,43.5646618091934 -103.777455084383,43.5610305892479 -103.777439326465,43.5574083992771 -103.782431436385,43.5574160769418 -103.787423556312,43.5574235146071 -103.792415936247,43.5574307522725 -103.797408316188,43.5574377699384 -103.797414767158,43.5610575997296 -103.797421297246,43.5647316793678 -103.802435069022,43.5647293669536 -103.80469430334,43.5647283558656 -103.805004345305,43.5647282057164 -103.807448830797,43.5647270545394 -103.807436926029,43.5625054308675 -103.807434074453,43.5619742623805 -103.807429298575,43.5610838549167 -103.807513959094,43.561084094876 -103.807755750576,43.5610847847596 -103.812421319183,43.5610978825144 -103.815940210765,43.5611076008212 -103.820936111597,43.5611092284522 -103.825932102434,43.5611106060838 -103.83092609326,43.5611120137161 -103.830924739323,43.5647324831894 -103.83591898091,43.5647344207725 -103.840914192484,43.5647377383509 -103.845909414059,43.5647410859292 -103.850903375643,43.5647433835111 -103.855897337227,43.5647456510931 -103.855883096995,43.5683697603237 -103.855868846758,43.5719938595545 -103.860842919752,43.5719958770517 -103.86581697275,43.5719976745496 -103.870790435748,43.5719992420483 -103.875763868748,43.5720006195476 -103.880750061765,43.5720073670242 -103.885736214788,43.5720138845013 -103.890722377816,43.5720201719789 -103.895708560849,43.5720262494571 -103.895700076813,43.5756474583136 -103.895691582773,43.5792686771703 -103.895683178715,43.5828913060228 -103.895675106554,43.5863576753563 -103.895674744654,43.5865139348754 -103.895674674276,43.5865449847799 -103.89566634059,43.5901365937281 -103.895657906523,43.5937592225811 -103.895650422437,43.5973838514275 -103.895642928349,43.6010084602742 -103.895635444259,43.6046330891209 -103.895627920166,43.6082576879678 -103.895620656078,43.611881906816 -103.895613361987,43.6155061156643 -103.895606067894,43.6191303345127 -103.895598773799,43.6227545133614 -103.900570967507,43.6227558901961 -103.905543191217,43.6227572370309 -103.905537508651,43.62638261578 -103.900563594159,43.6263813789935 -103.90055621081,43.6300067877912 -103.89558057554,43.6300053610539 -103.895571471406,43.6336307699004 -103.90054880746,43.6336319765897 -103.905526143517,43.6336329832796 -103.910503479574,43.6336339699696 -103.910499517791,43.6372588186719 -103.910494366013,43.6408821473799 -103.905514808392,43.6408820507838 -103.900535550774,43.6408819341875 -103.900529707439,43.6445066729868 -103.900523524124,43.648129271793 -103.900517864368,43.6514540115197 -103.900893028121,43.651454281252 -103.90090001499,43.6550772500443 -103.90090697186,43.6587002088364 -103.900913928736,43.6623229476291 -103.905898350875,43.6623286539229 -103.910882803017,43.6623343602164 -103.915867245163,43.6623398365105 -103.915876954344,43.6659648351512 -103.920883577426,43.665976651361 -103.925890190513,43.6659884675705 -103.930887423557,43.6659953838022 -103.935233969703,43.6660008505262 -103.940220782739,43.6659982767958 -103.945207595774,43.6659956730655 -103.950194438808,43.6659930993352 -103.950187873124,43.6696155076685 -103.950181297439,43.6732377960023 -103.955168362018,43.67323419218 -103.960168956719,43.6732331983389 -103.965169541422,43.6732319944985 -103.965165008078,43.676852672693 -103.965160494732,43.6804733208877 -103.970163011003,43.6804710569539 -103.975165487272,43.6804687830202 -103.975161955477,43.6840891311197 -103.97515839368,43.6877095092192 -103.975154851883,43.6913298573189 -103.975151290084,43.6949502054187 -103.970144890704,43.6949512295506 -103.965138461322,43.6949522736826 -103.960132031941,43.6949532978146 -103.955125632559,43.6949543219467 -103.955124157726,43.6985725502427 -103.955122702894,43.7021907885387 -103.95512121806,43.7058090268347 -103.955119763226,43.7094272651308 -103.955126838497,43.7130458334183 -103.95513393377,43.7166644117057 -103.955141009045,43.7202829499931 -103.955146750893,43.7232167004968 -103.955148084322,43.7239015282801 -103.955677351249,43.7239015578025 -103.956798885927,43.7239016167903 -103.959887276348,43.7239017140034 -103.960140099657,43.7239017237752 -103.965132114992,43.7239018992703 -103.970124100327,43.7239020947653 -103.975116115662,43.7239022602604 -103.980104960977,43.7238999657665 -103.985093806292,43.7238976412727 -103.990082631605,43.723895336779 -103.995071476917,43.7238930322853 -103.995062888111,43.7275130802009 -103.995054269301,43.7311331181167 -103.995048510527,43.7347532360298 -103.995045304376,43.7367852592452 -103.995045264138,43.7368151291455 -103.995042872098,43.7383299240879 -103.995024173124,43.7419521520065 -103.995005444145,43.7455743899253 -103.994989185291,43.749184407883 -103.994972901131,43.7527943393912 -103.999970421452,43.7528212643854 -103.99998478591,43.7492009129872 -104.004980327851,43.7492174663613 -104.009981759531,43.7492192497702 -104.009971585582,43.7528457109959 -104.009968319998,43.7564587505183 -104.009965034416,43.7600716000417 -104.004956902336,43.7600549268423 -104.004951476569,43.7636676064019 -104.009961078803,43.7636878095471 -104.014970621042,43.7637077826932 -104.019973083315,43.7637269258533 -104.024975545593,43.7637458790142 -104.02496198035,43.7673874782912 -104.024988305303,43.7709946277104 -104.025014620258,43.7746017871292 -104.019994667358,43.7745928640321 -104.014974694462,43.7745837409358 -104.014958769106,43.7781976204387 -104.014942843749,43.7818114699419 -104.015200162887,43.7818124895815 -104.017565734961,43.7818218162692 -104.017886723886,43.7818230858197 -104.020005256789,43.7818313928535 -104.020201736131,43.7818321625784 -104.025067659831,43.7818513157648 -104.025041145043,43.7782265764471 -104.030044468174,43.7782376395222 -104.035048121307,43.778248502598 -104.035053836498,43.7818790218467 -104.040050829001,43.7818971814597 -104.040047749571,43.7782643659589 -104.040044670141,43.7746323104572 -104.040040590526,43.7721919734806 -104.040040220561,43.7719655937611 -104.040038620712,43.7710089449463 -104.045053397656,43.7710249322068 -104.045053477089,43.7746482077114 -104.050057284039,43.7746638549686 -104.055321330831,43.7746800920833 -104.055322350563,43.7763782099666 -104.055323080372,43.7775894184568 -104.055324000268,43.7782513576314 -104.055324080258,43.7783108175573 -104.055325909832,43.7810182541823 -104.055326209815,43.7811241440502 -104.055327199753,43.78151708356 -104.055328269685,43.7819414830305 -104.055331179478,43.7832484914002 -104.055334319255,43.7846589796408 -104.055334369252,43.7846758996197 -104.055337029113,43.7855518285266 -104.055346948665,43.7883646350159 -104.055346958664,43.7883667150133 -104.055347178653,43.7884396649222 -104.055349348538,43.7891623340205 -104.055353198365,43.7902492526638 -104.055359678074,43.7920744603857 -104.055360698019,43.7924175999575 -104.055361757963,43.7927728895141 -104.055365457795,43.7938274881979 -104.055371337528,43.7955015761084 -104.055371557484,43.7957821657586 -104.055371857436,43.7960877253776 -104.055372147389,43.7963831950092 -104.055377776955,43.7991261015878 -104.055378526897,43.7994918911316 -104.055378626876,43.7996246409661 -104.055378896818,43.7999918905083 -104.055380476315,43.8031853365277 -104.05538077625,43.8036007860098 -104.055381006178,43.8040574954406 -104.055382385733,43.8068788119238 -104.055382635681,43.8072097315113 -104.055384075264,43.8098624482046 -104.055385375211,43.8101917477936 -104.05538713514,43.8106372672373 -104.055387855111,43.8108183170113 -104.055391654892,43.8121988252888 -104.055397354564,43.8142639627119 -104.055397784546,43.8143739925746 -104.055398014537,43.8144318025024 -104.055409933995,43.8178336282563 -104.055410763961,43.8180472579895 -104.055422533427,43.8214014438028 -104.055423093404,43.8215420336273 -104.055423563385,43.8216606934791 -104.055425493301,43.8221908428173 -104.055432762982,43.8241932703177 -104.055436092858,43.8249681093502 -104.055436902828,43.8251543291176 -104.055437422809,43.8252740589681 -104.055450952276,43.8286100848029 -104.055452392232,43.8288886444549 -104.055478531699,43.8321790403393 -104.055479451668,43.8323711600993 -104.055480061647,43.8324984799403 -104.055513121116,43.8357494558696 -104.055507171064,43.8361083454258 -104.055508390705,43.8383870025853 -104.055508020685,43.8385135324278 -104.055511170556,43.8393205914201 -104.055516110491,43.8397184309215 -104.055524759987,43.8428919669613 -104.055528969915,43.8433308264119 -104.055538579407,43.8465232924276 -104.055542519339,43.8469434419017 -104.055552398828,43.8501545778939 -104.055556038763,43.8505558673917 -104.055560898476,43.8523647351344 -104.055563588316,43.853368353882 -104.05556470825,43.8537854933615 -104.05556528819,43.8541685028838 -104.055568877898,43.8560084405886 -104.055571617675,43.8574158088329 -104.055572337618,43.8577804383781 -104.055572337618,43.8577807283777 -104.055576067311,43.8597178759613 -104.055578587104,43.8610254843301 -104.055578787088,43.861125764205 -104.055579307045,43.8613940138703 -104.055583486702,43.8635620111658 -104.055585556532,43.8646351198272 -104.055586276473,43.865007299363 -104.055586506455,43.8651248392163 -104.055590946095,43.8673965663824 -104.055588756003,43.8679921556414 -104.055587835964,43.8682446253273 -104.055586635905,43.8686202448599 -104.055573255559,43.8708732020599 -104.055567435409,43.871853210842 -104.055567135392,43.871964070704 -104.055566355346,43.8722554103414 -104.055566225337,43.8723142602681 -104.055559534861,43.8753711964622 -104.05555812478,43.8758906958156 -104.055551514313,43.8788891620826 -104.055550684265,43.8791955317013 -104.055549794214,43.8795257812902 -104.055544403856,43.88182335843 -104.055543663836,43.8819558082654 -104.055541173766,43.8824071177044 -104.05553703365,43.8831610067674 -104.055536343631,43.8832877366098 -104.055522923225,43.8859250633311 -104.055518143093,43.8867812322669 -104.055500802611,43.8899163983701 -104.055499782583,43.8900992081429 -104.055498082536,43.8904015077672 -104.055478771997,43.8939077434092 -104.055478451989,43.8939648233383 -104.05547813198,43.8940217932675 -104.055467181678,43.8959857608266 -104.055465851626,43.8963217404086 -104.055461431454,43.8974338590253 -104.055459571382,43.8978990584467 -104.055445460822,43.9015139439503 -104.055445230814,43.9015707138797 -104.055443960764,43.901890453482 -104.055434730261,43.9051284494524 -104.055434590255,43.9051653794064 -104.05543445025,43.90520264936 -104.055425089735,43.908514865238 -104.055424909728,43.9085608551809 -104.055424199699,43.9087428949544 -104.055421819596,43.9094105441238 -104.055419529496,43.9100533233242 -104.055409969224,43.9118270911196 -104.055408549186,43.9120704308172 -104.055406579134,43.9124080703976 -104.055406569134,43.9124099003954 -104.055392748716,43.9151222870237 -104.055387298577,43.9160300158958 -104.055372328189,43.9185577327551 -104.055365768021,43.9196509913967 -104.055351877662,43.9219931784865 -104.055344237465,43.9232719668977 -104.05534090738,43.9238275662074 -104.055337707298,43.924360705545 -104.055334487141,43.9253732742852 -104.055334317133,43.9254286242163 -104.055329676905,43.9268929423944 -104.055326326735,43.9279916810273 -104.055323676599,43.9288640999418 -104.055317726345,43.9305067278985 -104.055315896038,43.9324667054572 -104.055304495785,43.9341205334034 -104.055304025479,43.9360689909756 -104.055291245225,43.9377343489084 -104.055287635064,43.9387742476147 -104.055256264933,43.9397349964374 -104.055264244695,43.9412177645846 -104.055263014675,43.9413481044229 -104.055245804379,43.9433009120003 -104.055228374129,43.9449587399455 -104.055235293824,43.946872807556 -104.055193113583,43.948569135469 -104.055224793269,43.9504446931116 -104.055157863038,43.9521796909924 -104.055212742867,43.9530480298753 -104.055224672708,43.954015558662 -104.055176832459,43.9557900864814 -104.05523931234,43.9562992158069 -104.055248252132,43.9575878041954 -104.055213021864,43.9594314219206 -104.055272251565,43.9610997498036 -104.055249911269,43.9630727573593 -104.055296350998,43.9646118354114 -104.055286770674,43.9667141027979 -104.055309860584,43.9671934721856 -104.055295510446,43.9681321210252 -104.055227900138,43.9703551882987 -104.055223799937,43.9716517166858 -104.055153669615,43.9739756338355 -104.055152599433,43.9751420423827 -104.055079249092,43.9775962493724 -104.055081418928,43.9786323980799 -104.055004848569,43.9812166949099 -104.054999958535,43.9814547046165 -104.055027078415,43.9821137337776 -104.055016297993,43.9848376703906 -104.055043327858,43.9855951494291 -104.055035207413,43.9884596458652 -104.055061067249,43.9893969546802 -104.055054066832,43.9920816513396 -104.055078796641,43.9931980199322 -104.055071896278,43.9955370970222 -104.055087186033,43.9970316651498 -104.055065975712,43.999159912512 -104.055063175889,44.0008842609027 -104.055060096548,44.0027821196923 -104.055059466682,44.003168409446 -104.055057567092,44.0043469486944 -104.055054237807,44.0064035573829 -104.055051968295,44.0078096064862 -104.055048579018,44.0098894051599 -104.055048059065,44.0100251650735 -104.055043109501,44.0112732042796 -104.055033840327,44.0136416827728 -104.055033750335,44.0136647427581 -104.05502951071,44.0147367820762 -104.058999158622,44.01580451873 -104.063898465634,44.0159358553576 -104.068797762647,44.0160672119847 -104.069021673779,44.0197256794758 -104.069245604911,44.0233841469662 -104.064358027906,44.0233005103157 -104.059470450901,44.023216643665 -104.05970611204,44.0269227211314 -104.054968794877,44.0266558345034 -104.054958075388,44.0281106835813 -104.054948655832,44.02937530278 -104.054939326272,44.0306287819856 -104.059941743179,44.030628778597 -104.06481818018,44.0306735852651</coordinates></LinearRing></outerBoundaryIs><innerBoundaryIs><LinearRing><coordinates>-103.8094857312,44.3661071740013 -103.809485310979,44.3660257237899 -103.809481779023,44.3653016919094 -103.809475275442,44.363976608468 -103.809467931415,44.3624868645988 -103.80946743114,44.3623854143353 -103.809467401116,44.362376444312 -103.809466290499,44.3621483337195 -103.809460978021,44.3612324713439 -103.809450632007,44.3590075855624 -103.810808036148,44.3590144600663 -103.812966192731,44.3590254513278 -103.814477297339,44.3590331352091 -103.814866088525,44.3590351036347 -103.815107989262,44.3590363226551 -103.815271829762,44.3590371519917 -103.817429526341,44.3590481332542 -103.818684390167,44.3590549081736 -103.819503982666,44.3590593448552 -103.820698046305,44.3590651700188 -103.822507551819,44.3590739626895 -103.824513227929,44.3590832545641 -103.824542318017,44.3590833944463 -103.824750298651,44.3590843636037 -103.825582731186,44.359088130231 -103.827759167814,44.3590982614134 -103.827956488415,44.3590991706139 -103.829522483183,44.3591064342692 -103.829523002828,44.3589431338678 -103.82952334262,44.3588473836322 -103.829525810994,44.3580987117915 -103.829526470549,44.3578938512879 -103.829529298678,44.3570323791699 -103.829530018208,44.3568162386385 -103.829531157452,44.3564679677822 -103.829531407287,44.356392187596 -103.829534405315,44.3554844653643 -103.829535344702,44.3552017646692 -103.829540701169,44.3535751806704 -103.829541780461,44.3532493498693 -103.829541920332,44.3531896297227 -103.829544637444,44.3518624564668 -103.829544836797,44.3515654357397 -103.829545793559,44.3500799321037 -103.829545853285,44.3499544317965 -103.829546949539,44.34823581759 -103.829547697014,44.3470777047553 -103.829548196367,44.3467801240257 -103.829549105165,44.3462277126715 -103.829551821642,44.3446091787033 -103.829688022106,44.3446093481673 -103.830079013436,44.3446098166284 -103.830213603894,44.3446099560987 -103.831145957067,44.3446110024291 -103.831362857805,44.3446112815755 -103.832586061968,44.344612626761 -103.834592098792,44.3446140888635 -103.83520274087,44.3446145264595 -103.835253161041,44.3446146062611 -103.835253161019,44.3446036362348 -103.835253299648,44.3439305246214 -103.835253457917,44.3430808325848 -103.835253457866,44.3430557725247 -103.835253675377,44.3418341595968 -103.835253734819,44.3415602989404 -103.835253893105,44.3407187469232 -103.835253922805,44.3405714665702 -103.8352540318,44.3400781853878 -103.835254031681,44.3400199952484 -103.835253779857,44.3391251331052 -103.835253828989,44.3386993820848 -103.835253828916,44.3386635219989 -103.835253828863,44.3386375519367 -103.835253936755,44.3376028794571 -103.835254044307,44.336401106577 -103.835256588819,44.3337038201042 -103.835257466955,44.3327872979048 -103.835258873878,44.3312750142758 -103.83525923312,44.3309020433808 -103.83526007135,44.3300318812926 -103.835260480425,44.3295770402012 -103.835260560267,44.329499430015 -103.835260869604,44.3291734892328 -103.835262168231,44.3284975676083 -103.835263247081,44.3279309562466 -103.835266104079,44.3264521526925 -103.835267852248,44.3255501805248 -103.83526893111,44.3249896191776 -103.835270209763,44.3243259775827 -103.835270728142,44.3235297056728 -103.83527022569,44.3223272027936 -103.835270024874,44.3219268418351 -103.835269272039,44.3205370385079 -103.835268770195,44.3196328363433 -103.83526803747,44.3182969231452 -103.835266612233,44.3157296169992 -103.835266020066,44.3146670044553 -103.835266409696,44.3144845040166 -103.835273392723,44.3110476957565 -103.835274471634,44.3105109744666 -103.835280735381,44.3074283570581 -103.835283983584,44.3065392449162 -103.835288670976,44.3052490818083 -103.83529405806,44.3038058883312 -103.835307540743,44.3001834396047 -103.830251027846,44.3001692275576 -103.82676966208,44.3001594499174 -103.825194524947,44.3001554655104 -103.824813143222,44.3001553568667 -103.820544723913,44.3001540320464 -103.820148542121,44.3001539234554 -103.819407338768,44.3001536860912 -103.818615125185,44.3001534389086 -103.817782781419,44.3001531718686 -103.816638416243,44.3001528159383 -103.815503131107,44.3001524699756 -103.815102589295,44.3001523614001 -103.814371525985,44.3001510539971 -103.813238350855,44.3001490080226 -103.812539567691,44.3001477705049 -103.811761304167,44.3001463832696 -103.810863950104,44.3001447864573 -103.810265087393,44.3001437285847 -103.810223027202,44.3001436487341 -103.808155977843,44.3001399160767 -103.807523174977,44.3001387783246 -103.806545790551,44.3001370117964 -103.805223384563,44.3001346064936 -103.803484106684,44.3001305126692 -103.803345566057,44.300130183161 -103.803321205946,44.3001301232475 -103.802148340633,44.3001273274117 -103.800952475215,44.3001245016576 -103.800722494173,44.3001239824742 -103.800180681719,44.3001226743978 -103.799557098893,44.3001212066118 -103.79865135479,44.3001190798275 -103.798203642761,44.300118001417 -103.796976907203,44.3001150957723 -103.796911046905,44.3001149560061 -103.795654401211,44.3001119604675 -103.795137978871,44.3001107523009 -103.794321135166,44.3001075351974 -103.791389871868,44.3000960255909 -103.790093975989,44.3000909301857 -103.788802070128,44.3000858547662 -103.788006536518,44.3000827275867 -103.78675072082,44.300077792039 -103.785049963102,44.3000711080687 -103.781997229245,44.3000580188879 -103.780008960218,44.3000495159342 -103.774967977329,44.3000279437979 -103.769918024414,44.3000122117089 -103.764868091496,44.2999964996185 -103.759814638551,44.2999789275335 -103.757403797603,44.2999705360796 -103.756347912809,44.2999670998233 -103.755703399882,44.2999649921083 -103.754761185603,44.2999619154488 -103.753099688069,44.299958991347 -103.750360155645,44.2999542010721 -103.750065454308,44.2999536821183 -103.749710352641,44.2999530425925 -103.747443381923,44.2999491045109 -103.746149025803,44.2999468356062 -103.744659588759,44.2999439768659 -103.740345198355,44.2999352705137 -103.739609894878,44.2999339111359 -103.737973887141,44.2999308625201 -103.735630856061,44.2999264845025 -103.734560240999,44.2999244854084 -103.734558717219,44.3013881298451 -103.734556874722,44.3031536851969 -103.73455643644,44.3035580164226 -103.734555988319,44.3040001477628 -103.734554145793,44.3057588430938 -103.734552651881,44.3071915074364 -103.734552652805,44.3074087080946 -103.734552885417,44.3080222199536 -103.734553644309,44.3101113962839 -103.734553705112,44.3103001168558 -103.734553907336,44.3108224484385 -103.734554615658,44.3127778343634 -103.734555010328,44.3138749176877 -103.73455523279,44.3144533894405 -103.734546533217,44.3169136069023 -103.734543658198,44.3180875004617 -103.734538277462,44.3202706370811 -103.734536181131,44.3211352697027 -103.734534733619,44.3217216014804 -103.734534354279,44.3218772419523 -103.734531828227,44.322807824774 -103.734530050942,44.3234479867151 -103.734525817521,44.3249988214174 -103.734524879019,44.3253519024879 -103.734521214697,44.3266903765462 -103.73451662181,44.3283670416298 -103.73451512442,44.3289822334949 -103.732267264042,44.3289729349697 -103.730815457339,44.3289669159223 -103.729894113085,44.328963116527 -103.729473021141,44.3289613368033 -103.727092100147,44.3289512883654 -103.725401532341,44.3289441594748 -103.724430937861,44.3289405201131 -103.722709269928,44.3289372512549 -103.719410894718,44.3289281534344 -103.715161215112,44.3289144562372 -103.71516086511,44.3289144562374 -103.714387271541,44.3289119467476 -103.71438695154,44.328911986748 -103.714382350702,44.3310284128953 -103.714382350703,44.3310287228962 -103.71438016507,44.3320373658259 -103.7143790972,44.3325293572549 -103.71437123286,44.3361467677615 -103.714358758588,44.3397844083293 -103.714353795599,44.3414055130383 -103.714349861122,44.3426823967473 -103.714348833103,44.3431399280761 -103.71434606849,44.34438429169 -103.713591875066,44.3443834821186 -103.7117931969,44.3443813831404 -103.710539811211,44.3443800738529 -103.709795847834,44.3443793042758 -103.70938724598,44.3443791345088 -103.709301745592,44.3443790845575 -103.708224510705,44.3443786151718 -103.707064355441,44.3443781158333 -103.706141261254,44.3443777363598 -103.704890375579,44.3443772070731 -103.704766015015,44.3443771771441 -103.704383503279,44.3443770173623 -103.704257412707,44.3443769574342 -103.701264409129,44.3443758291414 -103.700691946532,44.3443755794678 -103.699736192196,44.344375200013 -103.699212829823,44.3443752303122 -103.698714847565,44.3443752305968 -103.696379756975,44.3443752319312 -103.695257541887,44.3443752725726 -103.69471363942,44.3443752728835 -103.694168256947,44.3443753031953 -103.694107756673,44.3443753032298 -103.69295568145,44.3443756938893 -103.691803586227,44.3443760545487 -103.690187798903,44.3443767854741 -103.68969108665,44.3443768657582 -103.68968108252,44.3479593356062 -103.6896810326,44.3479774156559 -103.689671028551,44.3515779655532 -103.689674031037,44.3521344970806 -103.689680266121,44.3532725502039 -103.689690804301,44.3551032952283 -103.689691254655,44.355182605446 -103.689706186929,44.3579304329882 -103.689710830756,44.3587872053399 -103.689711813277,44.359353706896 -103.689713929381,44.3607255606642 -103.689727076817,44.3623861452208 -103.689736141949,44.3635324183662 -103.689745657347,44.3647379716745 -103.68975541293,44.3659850550969 -103.68976299893,44.3695792949701 -103.68977055493,44.3731735448437 -103.689733050802,44.3767838747784 -103.68969654668,44.3803942547111 -103.689653432414,44.3839783845722 -103.689652792645,44.3840309147167 -103.689608628609,44.3876675747205 -103.694661400607,44.3876677032128 -103.696617919126,44.3876677826291 -103.698984279428,44.3876678319229 -103.699714172606,44.3876678517051 -103.702963656753,44.3876679007354 -103.703644539718,44.3876679305323 -103.704767474607,44.3876679501972 -103.705893989511,44.387667949861 -103.706456231959,44.3876679696932 -103.706685512957,44.3876679796249 -103.708777712066,44.3876679990005 -103.709820746607,44.3876680186892 -103.711179692524,44.387668128284 -103.711527704039,44.3876681581801 -103.71330550178,44.3876683276501 -103.713977804707,44.3876683774495 -103.714881688642,44.38766844718 -103.71575172243,44.3876685369206 -103.717870641656,44.3876687162887 -103.719942610677,44.3876688856708 -103.719999500925,44.3876688556538 -103.723017524054,44.3876665447462 -103.724991882644,44.3876650341524 -103.725585825227,44.3876645839738 -103.727819454945,44.3876629033021 -103.73004118461,44.3876611826338 -103.731710771891,44.3876640121439 -103.733410979305,44.3876668716451 -103.735093126641,44.3876697311517 -103.740145068671,44.3876782396701 -103.740213208968,44.3876782996499 -103.745195150669,44.3876811481722 -103.75024522217,44.3876840456972 -103.7552791938,44.3876805639989 -103.760313185432,44.3876771123008 -103.765386207175,44.3876788904506 -103.770459248917,44.3876806586 -103.771151900524,44.3876819056196 -103.771995662481,44.387683421989 -103.772983014771,44.3876851977404 -103.775522440662,44.3876897368131 -103.777752685834,44.3876937472161 -103.777807435961,44.3876938269805 -103.780585632404,44.3876988150253 -103.781450194411,44.3877009213065 -103.782825627603,44.38770421539 -103.783575579344,44.387706012164 -103.785631564115,44.3877109733199 -103.786175815377,44.3877122709786 -103.786675506537,44.3877134988291 -103.787104557532,44.387714356983 -103.788444530639,44.387716981217 -103.789557533219,44.3877190564274 -103.790677505816,44.3877211616078 -103.790730675939,44.3877211313786 -103.790912016358,44.387721020597 -103.792631760331,44.3877199231843 -103.795421446776,44.3877181311599 -103.795740827514,44.3877179297833 -103.797052580544,44.3877170941292 -103.797887042472,44.3877165605325 -103.79897226498,44.3877158858549 -103.800804179213,44.3877147079589 -103.80313854463,44.3877214679193 -103.805030749021,44.3877269497811 -103.805336119729,44.387727948468 -103.80586615096,44.3877296661889 -103.807651515102,44.3877349885104 -103.807671695149,44.3877350484236 -103.809437129245,44.3877403408307 -103.809442255865,44.3864792875077 -103.809452019561,44.3841267313077 -103.809454268115,44.3835869198851 -103.809458015678,44.3826771474878 -103.809458405411,44.3825776772257 -103.80946674988,44.3805131417864 -103.809470611008,44.3772096731234 -103.809470790579,44.3770498227043 -103.809470960206,44.3769109723401 -103.809475180532,44.3733088128942 -103.809479691512,44.3699495040829 -103.809480080864,44.3697080034492 -103.809480140755,44.3696672533423 -103.809480360381,44.3695281129772 -103.809482436811,44.3681978094868 -103.809484672963,44.3667642557255 -103.8094857312,44.3661071740013</coordinates></LinearRing></innerBoundaryIs></Polygon><Polygon><outerBoundaryIs><LinearRing><coordinates>-104.443367158214,44.6401678820759 -104.438334332857,44.6402692561674 -104.438464680008,44.6438268101538 -104.438595047158,44.64738438414 -104.443510282588,44.6472819601316 -104.448425548019,44.6471795361234 -104.448635955311,44.650856200174 -104.448846352603,44.6545328842242 -104.449055399844,44.6581850782471 -104.444024354585,44.6582998623746 -104.438993309326,44.6584144565023 -104.439126036714,44.6620911406225 -104.43934225396,44.6657351946386 -104.439558461204,44.6693792486543 -104.439774678446,44.6730232926696 -104.439990885688,44.6766673466845 -104.434965480414,44.6767405707827 -104.42994008514,44.6768137948811 -104.424914679866,44.6768869889797 -104.419889244594,44.6769602230785 -104.419897702,44.680564357231 -104.419906129406,44.6841684913836 -104.419914576812,44.687772615536 -104.419923004219,44.6913767796885 -104.414887879153,44.6915179738915 -104.409852734089,44.6916591680949 -104.40914851109,44.6947341222166 -104.408444178095,44.6978090363394 -104.407619866297,44.7014074311655 -104.40679984446,44.7049866559674 -104.401737449216,44.7050024900644 -104.401860096599,44.7086218641584 -104.406928021811,44.708600390046 -104.411951887065,44.7085791459694 -104.412041544426,44.712187390068 -104.412217781676,44.7157818040805 -104.417251346853,44.7157414399653 -104.417475804015,44.7193224539186 -104.412394028926,44.7193760980926 -104.407312273836,44.7194297322667 -104.407408401271,44.7230707764019 -104.407504528706,44.7267118305369 -104.407619736169,44.7303756546826 -104.410216753653,44.7303561825517 -104.412813771137,44.7303366504207 -104.41303439848,44.7339984544735 -104.418336693325,44.7339573401166 -104.418357780807,44.7376019443067 -104.418378878288,44.7412465584969 -104.418593175598,44.7448986825382 -104.418807472907,44.748550786579 -104.418934193591,44.7521903841639 -104.419060956466,44.7558299940538 -104.419187099314,44.7594621939243 -104.419313252161,44.7630943837951 -104.419429004955,44.7667090536265 -104.419544797748,44.7703237234583 -104.419662490548,44.7739413332968 -104.419780223348,44.7775589431357 -104.424847877766,44.7774150686552 -104.429915512185,44.777271154174 -104.429355016222,44.7810572250363 -104.428794440264,44.784843285897 -104.428236164252,44.7886133467103 -104.427687498002,44.7923179973344 -104.422620623102,44.7923028413487 -104.417553718202,44.7922877253633 -104.412487333359,44.7922886794216 -104.407420958516,44.7922896134798 -104.402354583673,44.792290567538 -104.39728819883,44.7922915315963 -104.392211153947,44.7922785156249 -104.391908274252,44.7922777158651 -104.387134669064,44.792265479653 -104.38678908941,44.7922640899258 -104.381983504229,44.7922449037203 -104.381669964543,44.7922436339679 -104.377821668402,44.7922282470065 -104.376833119393,44.7922242577869 -104.37655110967,44.7922215580054 -104.372867793466,44.7922352909914 -104.371752384603,44.7922359618861 -104.37147039489,44.792235992112 -104.366672339817,44.7922488159879 -104.366390350104,44.7922488662137 -104.361592285031,44.7922617200897 -104.361310275318,44.7922617503155 -104.359018697659,44.7922646021578 -104.359037059561,44.79553956106 -104.354373374271,44.7955254947492 -104.349188709504,44.7955091788488 -104.344004264712,44.7954861029299 -104.33881982992,44.7954630370111 -104.33826168876,44.7922612687649 -104.337709147709,44.7890918406033 -104.337161346651,44.7859231024413 -104.336613555589,44.7827543942806 -104.336545182352,44.7791245144834 -104.336476839115,44.7754946046862 -104.33645462583,44.7718644148513 -104.336432422544,44.7682342250164 -104.33645263948,44.7646756253414 -104.336472816415,44.7611170156664 -104.336492062954,44.7574498056974 -104.336511269492,44.7537826157284 -104.341832694511,44.7538366715371 -104.34715408953,44.753890737346 -104.352476854544,44.7539442131525 -104.357375699955,44.753993389293 -104.357358652327,44.7518945135935 -104.357347576902,44.750401729539 -104.357330061783,44.748257626421 -104.357318358745,44.7468100747379 -104.357363464148,44.7446489721741 -104.357398290734,44.7430441702692 -104.357440556472,44.7410404478918 -104.357478382723,44.7392782658005 -104.353199176783,44.7392548592566 -104.35316082682,44.7392546492876 -104.352604167348,44.7392515897371 -104.34724771243,44.7392225340635 -104.347222354821,44.7356131298546 -104.347197027212,44.7320036956457 -104.347171529563,44.7283758014152 -104.347146061915,44.7247478671847 -104.352431526991,44.7247911729515 -104.357364242397,44.724831789001 -104.357349008373,44.7229150467721 -104.357336054814,44.7212201048007 -104.357320620754,44.7192858125513 -104.357311917228,44.717608430597 -104.357303743919,44.7160341787628 -104.357293199636,44.7139967163889 -104.357286867084,44.7127825549742 -104.357274542044,44.7103850321807 -104.357132700379,44.7095316212972 -104.356560344074,44.7062851979622 -104.356549670991,44.7048179762549 -104.356533266653,44.702752013852 -104.356499549239,44.6992194997477 -104.356519561254,44.6954390153103 -104.356539543268,44.6916585008729 -104.351792627678,44.6916734146993 -104.346700642409,44.6916893888039 -104.341608657141,44.6917054429086 -104.336516671872,44.6917215070133 -104.336340614354,44.6881044929066 -104.336164546834,44.6844875087996 -104.331147711536,44.6845356228729 -104.331333709063,44.6881538869779 -104.326326783773,44.688203021049 -104.321198298597,44.6882533352191 -104.320870891167,44.6846335212166 -104.320789863632,44.6810707870836 -104.320708866096,44.6775079429504 -104.320795728152,44.6738257685425 -104.320882560208,44.6701434741346 -104.315945444765,44.6701841781182 -104.316086196762,44.666503523665 -104.31622692876,44.6628228792122 -104.316156400995,44.6591636449526 -104.316075871066,44.6591632750162 -104.315366931695,44.6591600255756 -104.315216621828,44.6591593456942 -104.311048015524,44.6591401489833 -104.311068807698,44.660162680174 -104.31106920774,44.6601825801972 -104.311075128358,44.660473570536 -104.311075598407,44.6604963805626 -104.311122433302,44.6627997432448 -104.306017937844,44.6627766072773 -104.30599065513,44.661501505792 -104.305990005065,44.6614709757564 -104.305985584625,44.6612642755156 -104.305983824451,44.66118216542 -104.305939630054,44.6591164730137 -104.305861342263,44.6554562887499 -104.310973587746,44.6554804747216 -104.316085833228,44.655504410693 -104.316015305462,44.6518451864332 -104.320911681186,44.6518854025994 -104.320861873472,44.6482530883591 -104.320868395702,44.6446176840706 -104.325801891543,44.6447150102832 -104.325824753837,44.6411098260218 -104.325847226273,44.637571211839 -104.325869648709,44.6340325876563 -104.326023520677,44.6303278531746 -104.326177362646,44.6266231186933 -104.326329014727,44.6229699042746 -104.326480686809,44.6193166998561 -104.321403101174,44.6193044138261 -104.31632551554,44.619292117796 -104.311261569889,44.6192778017529 -104.306197624238,44.6192635057098 -104.306108752045,44.6228630200336 -104.301051196428,44.6228603940036 -104.301132148594,44.6192521296713 -104.296066672951,44.6192407836327 -104.291011527304,44.6192321275892 -104.285956411657,44.6192234815458 -104.280901276011,44.6192148255022 -104.275846160364,44.6192061694586 -104.270790264743,44.6192092434296 -104.265734399122,44.6192123174007 -104.260678543501,44.6192153513715 -104.25562264788,44.6192184253426 -104.250019902815,44.6192588797874 -104.244417205276,44.6192992242343 -104.244768207126,44.6156408395909 -104.245115289062,44.6120226449978 -104.240235901205,44.6120462288678 -104.235434263312,44.6120692126758 -104.235356543347,44.6120695827374 -104.235358333107,44.6119600926056 -104.235415675447,44.6084556583866 -104.235474777547,44.6048417640357 -104.23555285752,44.6048448739778 -104.240619755755,44.6050465002174 -104.245764713966,44.6052512263998 -104.250790050958,44.6050268921707 -104.255815476177,44.6048024379767 -104.260855841915,44.6048204740608 -104.265896177653,44.6048385201449 -104.270936543391,44.6048565562289 -104.275976909129,44.6048745623128 -104.280983665039,44.6049593285023 -104.28599042095,44.6050440946916 -104.290997176859,44.6051288508806 -104.296003932768,44.6052136170694 -104.296215244749,44.6015771525978 -104.296426526732,44.5979407281266 -104.296637838716,44.5943042736558 -104.296849150701,44.5906678491854 -104.296917292665,44.5869653447483 -104.29698543463,44.5832628603114 -104.297053566594,44.5795603558745 -104.29712170856,44.5758578414378 -104.302183724294,44.5758289574852 -104.301824507349,44.5724614537798 -104.301465310402,44.5690938400738 -104.306746645873,44.5690137858997 -104.306491548634,44.565544591997 -104.306236451394,44.5620753580939 -104.311731576447,44.5618683336142 -104.317226701503,44.5616613091351 -104.317101633956,44.5580850450146 -104.316976576409,44.5545088108938 -104.316464988708,44.5507146768127 -104.315953401004,44.5469205027305 -104.316046822813,44.5431277181857 -104.316140214623,44.5393349036409 -104.321191740399,44.5392523696784 -104.326243236175,44.5391696257159 -104.326304318063,44.5353865312168 -104.32636542995,44.5316034367178 -104.327959358635,44.5315808254746 -104.331384735804,44.531530542801 -104.332988774481,44.5315077715499 -104.336403791659,44.5314576588845 -104.33801799033,44.5314361576272 -104.34142325753,44.5313923249768 -104.343034936203,44.5313708237215 -104.346442473401,44.5313269610694 -104.348051872077,44.5313055198159 -104.348107794416,44.5277028355524 -104.348162026983,44.5242073214159 -104.348216099578,44.5207248972949 -104.353270345677,44.5207600034916 -104.357805872176,44.5207913100784 -104.357819650358,44.5199334790649 -104.357866414877,44.5173491560078 -104.3578625427,44.5163139348003 -104.36272986888,44.5163098610986 -104.36292090873,44.5163096909533 -104.362908953197,44.5136732478832 -104.362904331136,44.5126911167396 -104.362891625482,44.5099975136032 -104.362878453548,44.5090724625328 -104.362826895978,44.5054529683444 -104.362775348408,44.5018332941556 -104.367806774524,44.5018322903507 -104.367816408788,44.4982130580843 -104.367824385627,44.4952182478772 -104.367881081695,44.4915267175867 -104.36788715111,44.4909757975452 -104.367921737773,44.4878329873082 -104.367923537271,44.487357877275 -104.367935403952,44.4842152070552 -104.367932983451,44.4837372570249 -104.367914719651,44.4801167067957 -104.367896465852,44.4764966965664 -104.367878202052,44.4728766663371 -104.367877731951,44.4727803363309 -104.367895648227,44.4692577460811 -104.367913144586,44.465813635837 -104.367914144401,44.4656388258245 -104.367934690571,44.4620176255662 -104.367955246742,44.4583963953079 -104.367884486795,44.4583964053604 -104.362829920587,44.4583959191168 -104.357846124326,44.4583954328206 -104.357911180454,44.454781682519 -104.357976236582,44.4511679222175 -104.357869892816,44.4475338320415 -104.353385636135,44.447511475358 -104.353326462323,44.4438746951419 -104.348222706084,44.4438429489105 -104.348197194544,44.4423757188222 -104.348157752163,44.4401075286858 -104.35325792839,44.440117324924 -104.353189564465,44.4363678747064 -104.357604401181,44.4363515314532 -104.357521887248,44.432577441249 -104.362600893468,44.4325479075115 -104.367679869687,44.432518123774 -104.367594365815,44.4287828735859 -104.372671842065,44.4287726098566 -104.372488938409,44.4251669797538 -104.377566524669,44.42515769603 -104.377749318315,44.4287623561273 -104.382753764613,44.4287469324513 -104.387758180912,44.4287315087754 -104.392779027196,44.4287139550874 -104.392641923552,44.4251187649733 -104.397681199835,44.4251047612774 -104.39779988348,44.4286963613995 -104.40269701988,44.4287024678037 -104.40759415628,44.428708574208 -104.412665192499,44.4286637704817 -104.417736198719,44.4286189267557 -104.421709595812,44.428637703839 -104.421940485644,44.4286387936695 -104.422772005035,44.4286427030591 -104.422735811353,44.4250332929024 -104.42272122987,44.4235793528392 -104.42271906965,44.4233640828298 -104.422718449588,44.4233026328272 -104.422709058632,44.4223662827865 -104.422699597671,44.4214237827455 -104.427772293966,44.4214367190322 -104.427754550273,44.417821398867 -104.432845666557,44.4178287351453 -104.436511273882,44.4178338724657 -104.436741413714,44.4178341922974 -104.437936772841,44.4178358414236 -104.437917666555,44.4214618816053 -104.437898520269,44.4250879217871 -104.437879383983,44.428713961969 -104.442936860294,44.4287483982566 -104.447994336604,44.4287828345442 -104.450307774827,44.4287105628423 -104.450685764537,44.4286987525642 -104.452985422771,44.4286268608725 -104.45298889317,44.4290240208865 -104.452990323335,44.4291873308923 -104.453017256434,44.4322652310011 -104.453049100097,44.4359034811296 -104.458097216342,44.435883557411 -104.458165810037,44.4395898175096 -104.458234983769,44.4433322976091 -104.458235207573,44.4470956377603 -104.458233668037,44.4475534977798 -104.458222301386,44.4508591179212 -104.458871030923,44.4508794374413 -104.4639357473,44.4510377836948 -104.467861004491,44.4511603407909 -104.469000593675,44.4511958799478 -104.473789570248,44.4513451764043 -104.477088517886,44.4514479039631 -104.477084821215,44.4547671840807 -104.477086721571,44.4551247440917 -104.477083504844,44.458388774207 -104.477086065256,44.4588014942194 -104.477194658381,44.4620024042494 -104.47720718874,44.4623703542527 -104.477317311909,44.4656161542829 -104.477328342224,44.4659392142858 -104.477376635485,44.4692305243634 -104.477382135859,44.4696076043723 -104.477429639066,44.4728451344485 -104.477435729493,44.4732759344588 -104.477429182701,44.476473384574 -104.477429053177,44.4769485445905 -104.47742266634,44.4801016047041 -104.477422506861,44.4806211347221 -104.47732245005,44.4837289949044 -104.477306430585,44.4842501949345 -104.482541286064,44.4837214109864 -104.487775871547,44.4831924070401 -104.487727484945,44.4865643771824 -104.492995820268,44.4859069332033 -104.498264155594,44.4852494892263 -104.498674948844,44.488842169019 -104.499085762092,44.4924348788107 -104.503890719544,44.4924723068033 -104.508695657254,44.4925095651736 -104.508779260878,44.4962216152553 -104.513856318412,44.4962238135364 -104.513920082,44.4998986436278 -104.518977299499,44.4998635919183 -104.51899432656,44.5035070159199 -104.519011383756,44.5071504100715 -104.523991871277,44.5071401383898 -104.524039228412,44.5107683125201 -104.529050085872,44.5107425708168 -104.5341254233,44.5107167190917 -104.534168970347,44.5143146632014 -104.534169077659,44.5180366174678 -104.539271044705,44.517838565549 -104.544363462177,44.5178552638796 -104.54442278909,44.5214047479413 -104.539331931662,44.5214033496215 -104.534169154971,44.5217584817342 -104.529006318282,44.5221134238453 -104.523836371601,44.5224685759578 -104.518666384922,44.5228235180688 -104.518475263312,44.5270165529155 -104.518281581816,44.5312656678264 -104.517838782046,44.5312666679723 -104.517868669128,44.5348545920551 -104.517898576211,44.5384425161379 -104.517928463293,44.5420304102207 -104.517958340375,44.5456183343037 -104.518144237375,44.5492065283371 -104.518330124374,44.5527947023709 -104.518515991372,44.5563828964051 -104.518701878368,44.5599711004398 -104.523852154089,44.559206887934 -104.523817711251,44.5628271120817 -104.518680265476,44.5635591045403 -104.518658612583,44.5671471386407 -104.518636989691,44.5707351727412 -104.518615346799,44.5743231968415 -104.513522619629,44.5743374084467 -104.50842987246,44.5743516500519 -104.508456419597,44.5779526541393 -104.508482976735,44.5815536882268 -104.503382079626,44.581580509836 -104.498281192995,44.5816071322452 -104.498299600188,44.5852206363317 -104.49831801738,44.5888341404183 -104.493223641747,44.5888762744258 -104.488129296114,44.5889184284335 -104.488162183353,44.5925465425343 -104.483074447742,44.5925950365487 -104.483114005002,44.5962294306559 -104.478032909413,44.5962839946767 -104.472950873662,44.5962574586058 -104.467880917901,44.5962309825255 -104.468020755038,44.5998246965215 -104.468021476026,44.6003146470806 -104.468026392683,44.603614420846 -104.467870412816,44.6036140609674 -104.462799077115,44.6036022149139 -104.458046281143,44.6035911486126 -104.458041191856,44.6039404290164 -104.457952529271,44.6075619532313 -104.457869856184,44.6109374771601 -104.457677376352,44.6109391273126 -104.452977000469,44.6109799910383 -104.448026554722,44.6109817049149 -104.447609335075,44.6109792052386 -104.442542389362,44.6109490891698 -104.437678503478,44.6109201829434 -104.437688283972,44.6111661532186 -104.437832461249,44.6147889772706 -104.437962137793,44.618047420915 -104.437480998218,44.6180520712977 -104.432934892249,44.6181024849218 -104.432428942697,44.6181078853249 -104.427907586706,44.6181580289293 -104.427945980427,44.6199888610084 -104.426532051647,44.619986922116 -104.426267041876,44.6199865523235 -104.422957474731,44.6199819349158 -104.42297972719,44.6211881762895 -104.422984337699,44.621438006574 -104.422991148452,44.6218072069944 -104.421660769598,44.6218038580353 -104.421280129926,44.6218028883332 -104.417997842754,44.6217945509012 -104.418009304224,44.622513341722 -104.418012344615,44.6227043819402 -104.418012494633,44.6227132919504 -104.418026856475,44.6236141829791 -104.418055860195,44.6254338250571 -104.418113847636,44.6290730692129 -104.418171825077,44.6327123333686 -104.418324232566,44.6364154675234 -104.423329428284,44.6364716536396 -104.423464965735,44.6401567577821 -104.428453291415,44.6401947138861 -104.433393787137,44.6402321000269 -104.433315909739,44.6365834158897 -104.438297185475,44.6366389820237 -104.443342100852,44.6365457179363 -104.443367158214,44.6401678820759</coordinates></LinearRing></outerBoundaryIs></Polygon><Polygon><outerBoundaryIs><LinearRing><coordinates>-103.885771750378,43.5357789650826 -103.885778015968,43.5321536361456 -103.885778808801,43.5319284768325 -103.885781799407,43.5310856994038 -103.885788031541,43.5293267147703 -103.885784261555,43.5285283372086 -103.88576899703,43.5249039282772 -103.885753762509,43.5212794893456 -103.885739088052,43.5176506104271 -103.885724403599,43.5140217315082 -103.885720244662,43.5131401042005 -103.885725699215,43.5103928525836 -103.88572699483,43.5067639436592 -103.885725850302,43.5031457547029 -103.885730183265,43.5029113054171 -103.885724690171,43.4995275762395 -103.885718993018,43.4959827507286 -103.885718303074,43.495910751023 -103.885711935979,43.4922938958065 -103.885732519088,43.4885352911622 -103.880755672638,43.4885839122186 -103.875778806175,43.4886325532774 -103.875791220045,43.485008557896 -103.875802943911,43.4813844625156 -103.875813107314,43.4781911953977 -103.870828772225,43.4781444465696 -103.865844457147,43.4780976977392 -103.865842351903,43.4744470922777 -103.865840206619,43.4708272666936 -103.860867042462,43.4707991575947 -103.855893838311,43.4707710184943 -103.850933224216,43.4707350194213 -103.845972640131,43.4706987803472 -103.841015916066,43.4706627812697 -103.841053533119,43.4670495351822 -103.841091180166,43.4634365390952 -103.841073487363,43.4596671836175 -103.841055824566,43.4558968581428 -103.836115242551,43.4557743590083 -103.836105749549,43.4523422021406 -103.836096246549,43.4489100352726 -103.833592840807,43.4488926054482 -103.831091085071,43.4488750156238 -103.826089333614,43.4488375659822 -103.826096385571,43.4523487527328 -103.826103437529,43.4558599694829 -103.821085294968,43.4559044497183 -103.816067012395,43.4559487199568 -103.811927662062,43.4559681402186 -103.806962809663,43.4559912505344 -103.802003747273,43.4560140808518 -103.797044694879,43.4560367511711 -103.797032455814,43.4524057243186 -103.797020246751,43.4487747074656 -103.797016057613,43.4451751204981 -103.797011848476,43.4415755135305 -103.79700762934,43.4379759365628 -103.797003420204,43.4343763295949 -103.792035230505,43.4343860193969 -103.789471495499,43.4343910292949 -103.787067010802,43.4343959591986 -103.782099521099,43.4344056890015 -103.781955650818,43.4344059589959 -103.777132021394,43.4344151788058 -103.772186061819,43.4343999086977 -103.772197328715,43.438007066109 -103.767248548683,43.4379944860846 -103.762299778654,43.4379819260594 -103.757351038629,43.4379691460343 -103.757348193117,43.4343541483685 -103.752366473464,43.4343446182366 -103.747384841238,43.4343351381958 -103.74240329067,43.4343256872421 -103.742405055398,43.4379461055692 -103.737423144734,43.4379381749686 -103.737424549366,43.4415601036506 -103.732455108824,43.4415574833415 -103.732452464251,43.4379361443049 -103.732449849678,43.4343146652683 -103.737421720103,43.4343162562865 -103.737414515363,43.4306950876235 -103.737407310623,43.4270739489593 -103.737400115883,43.4234527802942 -103.737392911144,43.4198316116281 -103.734905336057,43.4198335004011 -103.734902281426,43.4162144715339 -103.737382816344,43.4162126029641 -103.737372691543,43.4125936042989 -103.737362576743,43.4089745656322 -103.737352451943,43.4053555669639 -103.737348997211,43.4017489282345 -103.737345542479,43.3981422495047 -103.737342087747,43.3945356107743 -103.737341878703,43.3943099614794 -103.737341719385,43.3941487519831 -103.737338633016,43.3909289720434 -103.737345849683,43.3870384341675 -103.737352625182,43.3834207954421 -103.737358890658,43.3798062667092 -103.737365156134,43.3761917279773 -103.737363281428,43.3725857592405 -103.737361416722,43.3689797805036 -103.737359572016,43.3653738017663 -103.73735770731,43.3617678330288 -103.7373546126,43.3581578243064 -103.737351547889,43.3545478455835 -103.742275575579,43.35456149455 -103.74226879072,43.3509517161873 -103.742261975861,43.3473418578238 -103.747178583253,43.3473558175086 -103.747183938546,43.343741809486 -103.747189263838,43.3401278114643 -103.747194609132,43.3365133934447 -103.747199964426,43.3328989754258 -103.752115122861,43.3329145115116 -103.752110127902,43.3365285392775 -103.752105172943,43.3401424870438 -103.757021200904,43.3401569695915 -103.761978888811,43.3401819221246 -103.766936586725,43.3402066846569 -103.766936793082,43.3438251021288 -103.76693697944,43.3474435096007 -103.761974470653,43.347413667272 -103.757012001873,43.3473838249419 -103.757029927372,43.3509925526439 -103.757047882875,43.3546012703453 -103.757065838381,43.358209998046 -103.757083793889,43.3618187457459 -103.762044114463,43.3618463877062 -103.767004455044,43.3618740396649 -103.767014961501,43.3654683972228 -103.76702544796,43.3690627547803 -103.770461388994,43.3690786160178 -103.770890829124,43.3690805961725 -103.771980379453,43.3690855965649 -103.771977484316,43.3677508412205 -103.77197645604,43.3672776928709 -103.771972582541,43.3654936790935 -103.773452592853,43.3655011996519 -103.773891402946,43.3655034198174 -103.776930203588,43.3655187709636 -103.78188382472,43.3655204229138 -103.781888252511,43.369114530189 -103.776935270951,43.369108218349 -103.776940368315,43.3726976557342 -103.77694544568,43.3762870731193 -103.776961182982,43.3798964604374 -103.776976920287,43.3835058177549 -103.776992017574,43.3871208150519 -103.777007834274,43.3909036517585 -103.781971958562,43.3909018230626 -103.786936082849,43.3909000143668 -103.791900207135,43.390898195671 -103.796864331421,43.3908963869754 -103.801828375713,43.3908926982866 -103.801930155801,43.3908926183135 -103.806792420003,43.3908890095981 -103.806995950179,43.3908887896522 -103.811756954295,43.3908844609131 -103.811814044344,43.3908843809283 -103.816299508221,43.3908802721166 -103.816290689019,43.3945002986411 -103.816281909816,43.3981203451658 -103.816271650613,43.4017385916973 -103.81626142141,43.4053568082292 -103.821212107362,43.4053985089909 -103.826162783325,43.4054402397503 -103.831107269293,43.4054808505105 -103.836051765271,43.4055214412688 -103.841000661297,43.4055452520904 -103.845949537329,43.4055690529108 -103.850889613338,43.4056033136875 -103.855829679356,43.4056375644624 -103.855869875009,43.4020298186481 -103.855910100654,43.3984220828353 -103.860885345837,43.3984508038255 -103.865860611027,43.3984793148151 -103.870835786223,43.3985081758019 -103.870810931928,43.4021237213033 -103.86583032628,43.4020924404198 -103.865800101528,43.405705966024 -103.865862136891,43.4093200916421 -103.865924202266,43.412934197258 -103.865986087637,43.4165591628282 -103.86604798302,43.4201840983963 -103.870981000837,43.4202159887985 -103.875914048663,43.420247909199 -103.880909236594,43.4202817695965 -103.885904424533,43.4203156399922 -103.890879772448,43.4203504203803 -103.895855130372,43.4203852207665 -103.895859188367,43.4240027157897 -103.895863246361,43.4276202308127 -103.900840885199,43.4276469310418 -103.905818484043,43.4276734012703 -103.910802062904,43.4277002614963 -103.910808242252,43.4313127262564 -103.915795931576,43.4313489263468 -103.920781200906,43.4314095563309 -103.920800321179,43.4350268008813 -103.925797870997,43.4350832207858 -103.92579136167,43.4386981252502 -103.930718101806,43.4387524850651 -103.930720502941,43.4423625594569 -103.925784172341,43.4423129197154 -103.925777353011,43.4459220142053 -103.925770493679,43.4495311186955 -103.930724025205,43.4495771482644 -103.935916227299,43.44962538781 -103.935899958852,43.4532253821481 -103.935883720402,43.4568253664869 -103.93589343203,43.4604552406936 -103.93590313366,43.4640851148998 -103.935921785319,43.4677220490738 -103.935940436982,43.471358983247 -103.935949758615,43.4749838274738 -103.935959050249,43.4786086517003 -103.940920775361,43.478580620832 -103.945882470466,43.4785525599653 -103.950850365581,43.4785234191036 -103.950915005778,43.4785230590923 -103.95581825069,43.4784943082433 -103.955947571083,43.4784934182215 -103.955945994455,43.4820793522424 -103.955945974498,43.4821255420365 -103.955944427826,43.4856652762634 -103.955944347913,43.4857576358518 -103.955942811181,43.4892339303614 -103.95594245164,43.4897228481828 -103.955940934534,43.4928021944613 -103.960805321087,43.4928030731228 -103.96566970764,43.4928039617841 -103.965908448452,43.4928037717195 -103.970638834549,43.4928042404195 -103.970877625362,43.4928042603539 -103.975607981458,43.4928046190544 -103.975621916671,43.4964111926061 -103.975624107465,43.4969606901 -103.975635981749,43.5000174761757 -103.975638126829,43.5005804843232 -103.975647560119,43.503636664268 -103.97564978505,43.504216832359 -103.975658918495,43.5072554823614 -103.975661223277,43.5078529103956 -103.975666997024,43.5108557205168 -103.975668441692,43.5114658085096 -103.975675405559,43.5144558186725 -103.975675150109,43.5150785766242 -103.975674063736,43.5180921667122 -103.975673838405,43.5187013347086 -103.975672751913,43.521728484752 -103.980719014631,43.5217300628823 -103.980799874995,43.5217300828524 -103.985765307349,43.5217316410126 -103.985815577493,43.525347789003 -103.985865907652,43.5289639169926 -103.985916207826,43.5325800649811 -103.985966508016,43.5361961929688 -103.98667072163,43.5361950426856 -103.990939193496,43.5361929609526 -103.991606036913,43.5361925406822 -103.99571277795,43.5361905090151 -103.99591184897,43.5361903989344 -104.000692535722,43.5362467470077 -104.000841824888,43.5362485269868 -104.005672267915,43.5363055163091 -104.005771807359,43.5363066562953 -104.010639530167,43.5363661456022 -104.010689289889,43.5363667555951 -104.015606762424,43.5364268648914 -104.020582415466,43.5363780445566 -104.020618335271,43.5363776845542 -104.025558038504,43.5363291142249 -104.025549061353,43.5399573515298 -104.025542194188,43.5435858388339 -104.025532217433,43.5471618763223 -104.030494140629,43.5471634755096 -104.03049558365,43.5507815927465 -104.03546859696,43.550780701838 -104.035475869997,43.5544134289189 -104.035483063032,43.5580466059981 -104.035502136066,43.5616715931031 -104.035519881,43.5650412111157 -104.036064938193,43.5650340709968 -104.040477586632,43.5649731133503 -104.041032616309,43.5649658531317 -104.045442753745,43.5649089013936 -104.046007733416,43.5649015111711 -104.050408480857,43.5648442194378 -104.050983460523,43.5648366892114 -104.055025748172,43.5647840376197 -104.055025588113,43.5649029574177 -104.055024007607,43.56590868571 -104.055020046342,43.5684245014381 -104.055019796269,43.5685693411922 -104.055019516179,43.5687486908876 -104.055014344522,43.5720451052902 -104.055014204479,43.5721305751451 -104.055008642702,43.575665319143 -104.055008612688,43.5756924790969 -104.055005041544,43.5779690552313 -104.055003020898,43.579254223049 -104.055003010895,43.5792602630388 -104.055002970882,43.5792855529958 -104.054999799895,43.5812496096609 -104.054997269107,43.5828163770006 -104.054997129064,43.5829014868561 -104.054991427287,43.5864368108531 -104.054991287247,43.5865174007163 -104.054986755832,43.5893311459387 -104.054985585467,43.5900572747057 -104.054985445429,43.5901333045766 -104.054981924335,43.5923097008812 -104.054979713647,43.5936777085584 -104.054979603611,43.5937492384369 -104.054977873251,43.5944676172174 -104.054971031829,43.5972980924124 -104.054970941811,43.5973348723499 -104.054970871795,43.5973659822971 -104.054962310009,43.6009215262612 -104.054962169979,43.6009827161573 -104.054955608612,43.6037048215364 -104.05495357819,43.6045451301099 -104.054953468162,43.6045994600176 -104.054950857619,43.6056810281816 -104.05494484637,43.6081685639588 -104.054944776355,43.6081985339079 -104.054944736346,43.608216203878 -104.054934974551,43.6117920778082 -104.054934934538,43.6118182577637 -104.054934894522,43.6118491077113 -104.054926522747,43.6153842617101 -104.054926352697,43.6154820115442 -104.054918100942,43.6189764156122 -104.05491803092,43.6190205355373 -104.054917870873,43.619114925377 -104.054909759138,43.6225685795143 -104.054909759137,43.62257108951 -104.054909759135,43.6225758295019 -104.054909949048,43.6227477992097 -104.054903217985,43.6248657956151 -104.054899107335,43.6261606434176 -104.054899307226,43.6263773430494 -104.054889215549,43.6297199773761 -104.054889015516,43.6297852472654 -104.054889215404,43.6300070268885 -104.054878953697,43.6334098811132 -104.054879173582,43.6336365207281 -104.054873992714,43.6353657377932 -104.054869021882,43.6370236149795 -104.05486903188,43.6370287049709 -104.054869051877,43.637034484961 -104.05486964176,43.6372662045671 -104.054866100053,43.6406590588057 -104.062577215401,43.6407690050476 -104.067561552445,43.6407388727905 -104.072545869489,43.6407087805336 -104.077530176533,43.6406786482769 -104.0775310347,43.6443002520739 -104.082509901747,43.6442671198138 -104.087452208799,43.6442668275145 -104.087420746982,43.6478855113092 -104.087394765162,43.6515063650978 -104.087368533323,43.6551629088252 -104.087286131541,43.6587752626553 -104.082397494465,43.6587733849774 -104.082518206222,43.6551625111157 -104.077544639184,43.6551829934286 -104.072571112147,43.6552034557418 -104.067597555109,43.6552239480549 -104.062624018071,43.6552444103683 -104.054862182696,43.6552711539876 -104.054870980947,43.6587350280998 -104.054871010927,43.6587742280332 -104.054871060901,43.658825557946 -104.054880109123,43.6623456019625 -104.054880139105,43.6623800219041 -104.054889017346,43.6658620059853 -104.05488912731,43.6659335358638 -104.054889157299,43.6659561758253 -104.054902065513,43.6694869698217 -104.062425700921,43.6696526459205 -104.067260728035,43.6696318836297 -104.067258296231,43.6732063375318 -104.062403079137,43.6732160798619 -104.062380457353,43.6767795138034 -104.067255844428,43.676780721434 -104.067266312611,43.6803652653127 -104.067276770795,43.6839497291913 -104.067283289007,43.6874839931575 -104.072164156048,43.6875320806729 -104.077101013061,43.6875718181748 -104.07710078128,43.6910918021472 -104.077116109389,43.6948100257724 -104.072158302396,43.6947650383122 -104.072155290522,43.6984752519717 -104.077131437498,43.6985280993978 -104.082107574475,43.6985809668236 -104.082091202679,43.7021456207165 -104.082074810883,43.7057102546095 -104.082078469047,43.7093310483961 -104.082082127211,43.7129518421827 -104.07710562023,43.712922714761 -104.07212912325,43.712893567339 -104.067259736192,43.7128898098192 -104.067237274368,43.7165280236228 -104.067214822545,43.7201661274267 -104.067192620731,43.7237845312641 -104.071995197824,43.7237880987857 -104.07696897481,43.7237969962099 -104.081942761797,43.7238056936345 -104.081911049998,43.727394747494 -104.081883188204,43.7309712013734 -104.081855336409,43.7345476952529 -104.081823664587,43.738182679034 -104.076894717561,43.7382137315625 -104.071965860535,43.7382445840913 -104.067088163478,43.7382750765942 -104.067116095295,43.734643392776 -104.067143247106,43.7310231789388 -104.062330640011,43.7310434214035 -104.062389931807,43.7274123675574 -104.062390043639,43.7237807937429 -104.055051118127,43.7236852676832 -104.055052868047,43.7238409674178 -104.055087306298,43.7272730915698 -104.055089386204,43.7274564512573 -104.055132354499,43.7307912455701 -104.055135554355,43.7310719950915 -104.055156903504,43.7327355822544 -104.055177102699,43.7343093995703 -104.055181402506,43.7346875489256 -104.055219420977,43.7376781938253 -104.055219490957,43.7377186637565 -104.055219670902,43.737826613573 -104.055220550676,43.73827549281 -104.055220760623,43.7383805326314 -104.049998523791,43.7383781353714 -104.045001356823,43.7383759579929 -104.040000459859,43.7383715606203 -104.035005738387,43.73837073537 -104.03408218186,43.738369806532 -104.033795452939,43.7383695168928 -104.030002667204,43.7383655916654 -104.026588450046,43.7383621059613 -104.025884322694,43.7383613768473 -104.024999566022,43.7383604479605 -104.02499968898,43.737966129339 -104.024999781366,43.7376479304513 -104.025000633019,43.7347610505431 -104.025001690193,43.731138093208 -104.025002747391,43.7275118858844 -104.025003814589,43.7238856785608 -104.025010311687,43.7202700011942 -104.025016788784,43.7166543238279 -104.025023265884,43.7130381964634 -104.025029742984,43.7094220790991 -104.030029042971,43.7094223936521 -104.035028332958,43.7094226682051 -104.035025229805,43.7058038810673 -104.035022116657,43.702184373932 -104.035020963528,43.6985612768072 -104.035019410399,43.6949383796821 -104.035019390514,43.6949228697373 -104.035019380578,43.694914239768 -104.035014887289,43.6913146725628 -104.030018618054,43.6913163574829 -104.02502232882,43.6913178524038 -104.025020945998,43.6876955350696 -104.02002620691,43.687697499884 -104.015031497823,43.6876992346994 -104.015033225293,43.6840778671522 -104.015034922762,43.6804564896052 -104.020026521562,43.6804532450046 -104.025018120361,43.6804500104042 -104.0250196775,43.6768312730545 -104.025021214639,43.6732125157051 -104.025022771781,43.6695933283573 -104.025024308923,43.6659741510095 -104.025022866081,43.6623546136654 -104.025021433239,43.6587350463214 -104.025020020405,43.6551143689812 -104.025018577572,43.6514936616411 -104.025969673295,43.6514931609214 -104.025976184208,43.6486982407034 -104.025977458278,43.648154342607 -104.025985885367,43.6445340252781 -104.02598744036,43.6438666876138 -104.025989165962,43.643118090234 -104.025994302471,43.6409116779567 -104.026002729574,43.6372893306356 -104.025015794136,43.6372894513038 -104.021027772546,43.6372934639913 -104.01605281551,43.6372984773442 -104.016053227703,43.6370088683415 -104.016058452923,43.6336778298135 -104.016060934896,43.6320964752598 -104.016064130336,43.6300571722832 -104.016069467817,43.6264276347839 -104.01607165918,43.624926839953 -104.016076085292,43.6227980972841 -104.016084002773,43.6191668097898 -104.011103516587,43.6191657626516 -104.011106774238,43.6155354750535 -104.011109111852,43.6119106574374 -104.011111449468,43.608285619822 -104.00611960378,43.6082876023699 -104.001158287977,43.6082851749171 -103.996196942459,43.608282797791 -103.996204781055,43.6046611398947 -103.996212599648,43.6010394619986 -103.991233380442,43.601040694875 -103.991239329743,43.5974241269157 -103.991245279044,43.5938072489574 -103.996216576586,43.5938155161486 -103.996222835476,43.590153978387 -103.991251818633,43.5901551011164 -103.99125831822,43.5865029532755 -103.996229284366,43.5864924106256 -103.996215432657,43.5828883426827 -103.996201570952,43.5792842947395 -103.996234919725,43.5756608168369 -103.996268228487,43.572037328935 -103.996275487023,43.5684198110266 -103.996280879371,43.5655863604977 -103.991344557672,43.5656198727805 -103.991305467421,43.5656201527985 -103.986339975515,43.5656545850934 -103.986406155425,43.5620991268565 -103.986472305316,43.558543638621 -103.986539735608,43.5549382305518 -103.986607135879,43.5513328624837 -103.981617526868,43.5513639246139 -103.976627897843,43.5513950167448 -103.976645299397,43.5477831086266 -103.976662640944,43.5441714605079 -103.971641263566,43.5441685226699 -103.966619886192,43.5441653648324 -103.961598508817,43.5441624369942 -103.956577101445,43.5441592691566 -103.951562693867,43.5441811712352 -103.94654825628,43.5442030933142 -103.946495292709,43.5405271651452 -103.946442359153,43.536851256975 -103.946235818089,43.5368513470593 -103.941380113085,43.5368526590427 -103.941276862554,43.5368526890848 -103.936317877018,43.5368540011106 -103.936307017753,43.5358184344138 -103.930453757718,43.535834136744 -103.925476582171,43.5358475387257 -103.920494096911,43.5358321808003 -103.915511601657,43.5358168328745 -103.910570036447,43.5358163348854 -103.905628501238,43.5358158468961 -103.900683236022,43.5358142989117 -103.895737940807,43.5358127509272 -103.890754845589,43.5357958430052 -103.887529599271,43.5357849443497 -103.887256017887,43.5357840144638 -103.885771750378,43.5357789650826</coordinates></LinearRing></outerBoundaryIs><innerBoundaryIs><LinearRing><coordinates>-104.054899636358,43.6876669289423 -104.054899816209,43.6879626384399 -104.054900056009,43.6883603377642 -104.054901654667,43.6910234432398 -104.058167352712,43.6910051716563 -104.058730632374,43.6910020113832 -104.062418370167,43.6909812495953 -104.062402461965,43.6874356756423 -104.060790822933,43.6874379464316 -104.060066913367,43.6874389567862 -104.058608144243,43.6874409875008 -104.057632244829,43.6874423379788 -104.056860445292,43.6874433883568 -104.056338185606,43.6874441086127 -104.055510306103,43.6874452290182 -104.05489921647,43.6874460593176 -104.054899376428,43.6875291791763 -104.054899636358,43.6876669289423</coordinates></LinearRing></innerBoundaryIs></Polygon><Polygon><outerBoundaryIs><LinearRing><coordinates>-103.807333456029,43.5429643265222 -103.80731464358,43.5393378768492 -103.807295861137,43.5357114371759 -103.802312205823,43.5357056192174 -103.802291374116,43.5320808394922 -103.802270532418,43.5284559297669 -103.797289268665,43.5284493017144 -103.792303564886,43.5284431136622 -103.787317861113,43.5284366956105 -103.782332147347,43.5284300675591 -103.777346443588,43.5284232095083 -103.777331745708,43.5248013795337 -103.777317057831,43.5211795795587 -103.772343905476,43.5211835613781 -103.767370723119,43.5211875431975 -103.76239757076,43.521191545017 -103.7574243984,43.5211955268366 -103.757416173596,43.5175747766663 -103.757407958795,43.5139539964959 -103.757399733996,43.5103332463253 -103.7573915192,43.5067124961546 -103.762361158507,43.5067074645288 -103.762354892932,43.5030881344008 -103.767324891473,43.5030831828222 -103.772294910013,43.5030782012438 -103.777264918554,43.5030730296661 -103.782237257007,43.5030734480723 -103.787209575464,43.5030736064791 -103.787197898639,43.4994536970187 -103.782228840906,43.4994538385553 -103.777259773175,43.4994537300927 -103.777254615871,43.4958344628219 -103.777249438567,43.4922151855509 -103.772278291708,43.492219906883 -103.772272364843,43.4886029395093 -103.777243141256,43.4885975482742 -103.782204567624,43.4885956270295 -103.787165963993,43.4885935057856 -103.792129240367,43.4885913645414 -103.792137099017,43.4922120615235 -103.792152027693,43.4958327485033 -103.792166966372,43.4994533554828 -103.797136034106,43.4994527939478 -103.797154202382,43.5030737332934 -103.797172373325,43.506694653081 -103.802147322575,43.5066937014427 -103.802167684174,43.5103222811601 -103.807143614157,43.5103236294673 -103.812117404133,43.5103249577753 -103.812096931074,43.5066916881665 -103.812074287889,43.5030663585354 -103.807100609385,43.5030689201211 -103.807078959608,43.4994451209004 -103.812051607363,43.4994409493779 -103.816004901478,43.4994374781682 -103.816006320719,43.4958108116602 -103.816007719961,43.4921841251525 -103.820990176797,43.4922008737389 -103.825972623638,43.4922176423245 -103.830955080482,43.4922343909091 -103.835937527331,43.4922511594929 -103.840925674216,43.492261518099 -103.845914181104,43.4922719867039 -103.845915324586,43.4958925326645 -103.840926727246,43.4958830141509 -103.840927750275,43.4995045102027 -103.835938492483,43.4994957917808 -103.830957064732,43.4994815433769 -103.830956072607,43.4958580271428 -103.825974115312,43.4958423586488 -103.820990218013,43.4958267001545 -103.82099026923,43.4994523865706 -103.820990280839,43.5030760156518 -103.820990305336,43.5066995752104 -103.816002026184,43.5066908868807 -103.815993889704,43.5103258264571 -103.815985753222,43.5139607660335 -103.820976293893,43.5139714242611 -103.820972848296,43.5176000038065 -103.820969402702,43.5212283633527 -103.815979890487,43.5212183652183 -103.815974204129,43.5248456948161 -103.815968507768,43.5284730244139 -103.815964821492,43.5320954640251 -103.815961155215,43.5357179036364 -103.815958248836,43.5393470732281 -103.815955352456,43.5429762028199 -103.812315772856,43.5429712543826 -103.807333456029,43.5429643265222</coordinates></LinearRing></outerBoundaryIs></Polygon><Polygon><outerBoundaryIs><LinearRing><coordinates>-104.709550136841,44.4666374651332 -104.704650519164,44.4666478468238 -104.704648182369,44.4702211370799 -104.699669734748,44.4702423787946 -104.694622227182,44.4702885705348 -104.689574719617,44.4703347322749 -104.684567992031,44.4703799540008 -104.679561294446,44.4704251757266 -104.674488116896,44.4704740874753 -104.674301933716,44.4668855573063 -104.669025586236,44.4669146691277 -104.668636293125,44.4633063490318 -104.668244959996,44.4596789889361 -104.673907617345,44.459684486975 -104.679570234693,44.459689735014 -104.684525662342,44.4596612132956 -104.689481059991,44.4596324615772 -104.689449996798,44.4560819313458 -104.689309943626,44.4524988911502 -104.68436012595,44.4525197228737 -104.679410308275,44.4525403345972 -104.679275445112,44.4489884344096 -104.67913319195,44.4454351542247 -104.6739278544,44.4454810360465 -104.668722556849,44.4455267078682 -104.663992279061,44.4455527595226 -104.66411649588,44.4421399592649 -104.664120475778,44.4420306692567 -104.669013293499,44.4420040375417 -104.674002111143,44.4419429257909 -104.678990928788,44.44188184404 -104.683937826389,44.4417506422989 -104.688884763991,44.4416194205576 -104.693911781678,44.4416238087973 -104.6988646694,44.4416281370629 -104.698938789366,44.4416281970369 -104.698941249463,44.4417369570437 -104.699020262571,44.4452351572617 -104.704162370188,44.4452289354643 -104.709304477804,44.4452224836669 -104.714478215407,44.4452179018585 -104.714481598621,44.4488231421225 -104.709311191027,44.4488297439258 -104.704206473402,44.4488360257063 -104.699101765777,44.4488421074866 -104.699280988945,44.4524589176784 -104.70429947662,44.4524726159333 -104.704392499837,44.4561090961606 -104.704522692899,44.459591826364 -104.70465286596,44.4630744465677 -104.709473643691,44.4630750349015 -104.709550136841,44.4666374651332</coordinates></LinearRing></outerBoundaryIs></Polygon><Polygon><outerBoundaryIs><LinearRing><coordinates>-104.335219015244,44.2099575035578 -104.335218284003,44.2062310563442 -104.335217562762,44.2025046091307 -104.340266329586,44.2026492356582 -104.34531509641,44.2027936321854 -104.350366223232,44.2029378887106 -104.355395990066,44.2030812852504 -104.35537944888,44.1994232580191 -104.360590395575,44.1994792445096 -104.365801422271,44.199534971 -104.365827953428,44.203155588241 -104.365821314584,44.2067067255567 -104.36581468574,44.2102578428724 -104.36576518695,44.2138903701552 -104.36571568816,44.2175228974382 -104.365640049377,44.221126064761 -104.365564390595,44.224729242084 -104.360531623811,44.2246384755409 -104.355498877027,44.2245477189975 -104.350452640268,44.2245096524232 -104.345373683531,44.224471365871 -104.340293386796,44.2244393793149 -104.335213090062,44.2244074027586 -104.335214588857,44.2207949254584 -104.335216047653,44.2171824481582 -104.335217516448,44.213569980858 -104.335219015244,44.2099575035578</coordinates></LinearRing></outerBoundaryIs></Polygon><Polygon><outerBoundaryIs><LinearRing><coordinates>-104.554557693497,44.5622429216942 -104.559739332725,44.5632857212603 -104.559826505714,44.5597018470928 -104.559498227748,44.5555121223574 -104.55916990978,44.551322387623 -104.554074661663,44.5509001287665 -104.548979493541,44.5504776399112 -104.5487127463,44.5466964156432 -104.548446009057,44.5429151913759 -104.553479646448,44.5429290897666 -104.553777154056,44.5469146742662 -104.55884160181,44.5471326828897 -104.558513283838,44.5429429581572 -104.558675156724,44.5393272239296 -104.56376352422,44.5394023223671 -104.568851851714,44.5394771608045 -104.568727228884,44.5431478350965 -104.573834206405,44.5432502635667 -104.574058313709,44.5470932979528 -104.56898604641,44.5471065095985 -104.569244903934,44.5510651541012 -104.574282431012,44.5509361923392 -104.574506548312,44.5547788967261 -104.574730685611,44.5586214611134 -104.574690372759,44.5623127454093 -104.574650039907,44.566003919705 -104.569650733181,44.5662926916138 -104.564651456458,44.5665812635214 -104.564579863515,44.5702007477311 -104.559564946748,44.5704534795949 -104.559477743761,44.5740373537618 -104.554360995474,44.5734723647072 -104.549244277183,44.5729073856546 -104.549285450027,44.5692530114336 -104.549326592872,44.5655986172125 -104.554489321307,44.5662342363191 -104.554557693497,44.5622429216942</coordinates></LinearRing></outerBoundaryIs></Polygon><Polygon><outerBoundaryIs><LinearRing><coordinates>-104.574127804928,44.4709425520274 -104.569163267297,44.4709577737358 -104.564198769667,44.470972985444 -104.564172073189,44.4746226556046 -104.559184875546,44.4746057073155 -104.554120897993,44.4746427390548 -104.554151564507,44.471049398903 -104.55410244105,44.4674473687782 -104.5591774286,44.4673941270266 -104.559120615163,44.463800076901 -104.559063781725,44.4602059967756 -104.554004824187,44.4602958185308 -104.55395632078,44.4567462984082 -104.55397370726,44.4531111582593 -104.559029964813,44.4530176864971 -104.559006968288,44.4566119366501 -104.564020895935,44.4566037149098 -104.564065339368,44.4601962450433 -104.569066937011,44.4601862733109 -104.574068494654,44.4601762715786 -104.574048721229,44.4565872514291 -104.569034793582,44.4565954631695 -104.569079550112,44.4529995830011 -104.574091477767,44.4529904412575 -104.574134234306,44.4493935510858 -104.579144211969,44.449383189339 -104.584190809604,44.4493606375788 -104.58417000303,44.4529486977502 -104.584149166457,44.4565366379215 -104.579062648876,44.4565789996887 -104.579070062297,44.4601660798463 -104.579077475717,44.4637531700038 -104.584222183295,44.4637541682263 -104.584258296691,44.4673388083779 -104.579084889138,44.4673402501614 -104.574108021503,44.4673539418778 -104.574127804928,44.4709425520274</coordinates></LinearRing></outerBoundaryIs></Polygon><Polygon><outerBoundaryIs><LinearRing><coordinates>-104.528833640022,44.4746336077328 -104.528809706447,44.4709654376166 -104.523875268974,44.4711561093201 -104.52387878551,44.4676225492028 -104.518914697968,44.4677358809174 -104.518888574433,44.4641249408116 -104.518862480898,44.4605140307057 -104.518836357363,44.4569031206 -104.523890424999,44.4569036188464 -104.523800631459,44.4532491487575 -104.523710807919,44.4495945986687 -104.528803995565,44.449607176894 -104.5288742291,44.4532556569933 -104.533846486784,44.4532579552643 -104.533864610325,44.4568964053853 -104.533867283796,44.460456285509 -104.533869927268,44.4640160656327 -104.538863884879,44.4639793439062 -104.538883668399,44.4676061740302 -104.538903451919,44.4712330341542 -104.533856584183,44.4710992258853 -104.533881257677,44.4746933560026 -104.533905931171,44.47828738612 -104.533930084586,44.4817999862347 -104.528880467014,44.4818070979602 -104.523858439428,44.4818141196762 -104.523864395997,44.4783157595592 -104.523869832485,44.4747359894397 -104.528833640022,44.4746336077328</coordinates></LinearRing></outerBoundaryIs></Polygon><Polygon><outerBoundaryIs><LinearRing><coordinates>-104.005677644315,43.5106884530412 -104.000632742635,43.5107538225914 -103.995587817853,43.5108190038501 -103.990691838168,43.5108065355598 -103.985796248491,43.5107938172698 -103.980731287764,43.5108247088932 -103.980731598885,43.5071785609347 -103.9806914696,43.5035623228904 -103.985735169049,43.5034878715152 -103.985664757574,43.4998743536867 -103.990624545196,43.4998032424714 -103.9955843028,43.499731871261 -103.995509085406,43.4960359485228 -104.000447498604,43.4960756970716 -104.000364391619,43.492412124236 -103.995433358024,43.4923399357821 -103.995478901368,43.4888060122519 -104.000422843985,43.4888300910324 -104.005366965684,43.4888539714006 -104.005295733374,43.4924840643929 -104.005385900138,43.4961154573955 -104.005476536895,43.4997469203984 -104.0105092677,43.4997546008981 -104.010550072296,43.50336869825 -104.005567450983,43.5033812077719 -104.005658032593,43.507015355476 -104.005677644315,43.5106884530412</coordinates></LinearRing></outerBoundaryIs></Polygon><Polygon><outerBoundaryIs><LinearRing><coordinates>-103.352351172929,44.0821323637681 -103.352357183883,44.0846109930036 -103.35235781504,44.0848727229229 -103.352359999015,44.0857720926456 -103.3523688151,44.0894118415236 -103.352369376116,44.0896416114528 -103.352369857,44.0898417613911 -103.352376499105,44.0925807405472 -103.352376629338,44.0926335505309 -103.352377641185,44.0930515704021 -103.352378703104,44.0934858502684 -103.352379324236,44.0937419701894 -103.35238649727,44.0966912992812 -103.351692754283,44.0966914301161 -103.351444063212,44.0966914804154 -103.347353335602,44.0966922053385 -103.342320213934,44.0966931213958 -103.337287092266,44.096694027453 -103.332253930598,44.0966949135102 -103.332258693934,44.0930545152392 -103.332263447269,44.0894141269681 -103.332265659516,44.0877204377723 -103.332265898676,44.0875369578594 -103.332265918605,44.0875213978668 -103.332265938558,44.0875110978717 -103.332265938536,44.087506267874 -103.332268210605,44.0857737386966 -103.332269894688,44.0844810593103 -103.332269894681,44.084479579311 -103.332269914608,44.0844637493185 -103.332272824445,44.0822434903725 -103.332272963941,44.0821333404248 -103.332346644267,44.082133340327 -103.337292506188,44.0821331037607 -103.342312048435,44.0821328570965 -103.347331600682,44.0821326104324 -103.348963757916,44.0821325582655 -103.352351172929,44.0821323637681</coordinates></LinearRing></outerBoundaryIs></Polygon><Polygon><outerBoundaryIs><LinearRing><coordinates>-103.956353931825,43.6119129498454 -103.956361966598,43.6082863215847 -103.95135269557,43.6082918045607 -103.94634338454,43.6082972975367 -103.946361980936,43.6046708291737 -103.946380547326,43.6010443408111 -103.951378686741,43.6010372479425 -103.956376826155,43.6010299550746 -103.961358435332,43.6010338321803 -103.966340034512,43.6010375092865 -103.971321613691,43.6010413863919 -103.976303222874,43.6010450734979 -103.976294101248,43.6046623315993 -103.976285009619,43.6082795997008 -103.971296128835,43.6082771426901 -103.966307238052,43.6082746856794 -103.966302814791,43.6119068338248 -103.966298391528,43.6155390219702 -103.961322139288,43.6155394250378 -103.95634586705,43.6155396081062 -103.956353931825,43.6119129498454</coordinates></LinearRing></outerBoundaryIs></Polygon><Polygon><outerBoundaryIs><LinearRing><coordinates>-103.367468393353,44.1367003640712 -103.367463738925,44.1403450634322 -103.36239981904,44.1403450076424 -103.359724178534,44.1403449998671 -103.359524997752,44.1403450000327 -103.357335899155,44.1403449418528 -103.35227197927,44.1403448860631 -103.352274714794,44.1393273263722 -103.35227500431,44.1392172464056 -103.352281763239,44.1367005471697 -103.352291557208,44.1330562082756 -103.347256127167,44.1330675627712 -103.342220677126,44.1330787272658 -103.342212130069,44.1359644561431 -103.342211810558,44.1360734761007 -103.342209893462,44.1367207858488 -103.341815061902,44.136721576189 -103.341625911155,44.1367219563519 -103.337174883577,44.1367308101863 -103.332139873693,44.136740584523 -103.332151077049,44.1331003262515 -103.337185897088,44.1330896417591 -103.337196900598,44.1294482533312 -103.337207884109,44.1258067749028 -103.342242304454,44.1257936900982 -103.34223149079,44.1294361986823 -103.347266420984,44.1294241440322 -103.347276704801,44.1257806152925 -103.347284938635,44.1221427265523 -103.352319639139,44.1221286515894 -103.352311105149,44.1257675404857 -103.357367775642,44.1257668256533 -103.357359821521,44.1294115747038 -103.357351837399,44.1330562137539 -103.362412147589,44.1330559992323 -103.362405973315,44.1367004984376 -103.367468393353,44.1367003640712</coordinates></LinearRing></outerBoundaryIs></Polygon><Polygon><outerBoundaryIs><LinearRing><coordinates>-104.069295437912,43.9293303606038 -104.064390100932,43.9293570336449 -104.059484743952,43.9293836866861 -104.059455164529,43.9258318211388 -104.059425585106,43.9222799555913 -104.059408635682,43.9186891200844 -104.059391676257,43.9150982845776 -104.064016353407,43.9151093517003 -104.068641030558,43.915120428823 -104.06880867988,43.9187613241558 -104.073354847074,43.9187953712894 -104.077901024268,43.9188292284229 -104.082866281213,43.9188032953714 -104.087831528159,43.9187771523204 -104.087794887602,43.9224249377342 -104.087759547066,43.9259425833117 -104.082819130109,43.9259526663865 -104.077878743153,43.9259625394616 -104.073507325855,43.9259145222539 -104.069135908557,43.9258663050461 -104.069295437912,43.9293303606038</coordinates></LinearRing></outerBoundaryIs></Polygon><Polygon><outerBoundaryIs><LinearRing><coordinates>-104.574503969509,44.5036045873507 -104.569454641966,44.5035937190374 -104.564403444424,44.5035828507247 -104.559352226881,44.5035717624118 -104.559298509898,44.4999306983003 -104.559179276465,44.4963085581942 -104.564257524051,44.4963650664772 -104.569335751637,44.4964213547604 -104.569272918234,44.4928411546293 -104.569210104832,44.4892632144984 -104.574157412532,44.48935596282 -104.574062329171,44.4857955526972 -104.578977376912,44.4859058410271 -104.584241864228,44.4857479792258 -104.584321087561,44.4892890393608 -104.579104720232,44.4894485011418 -104.579232053552,44.4929911412568 -104.584400330894,44.492829979496 -104.584482634234,44.4963796196306 -104.579365386866,44.4965317813699 -104.574350549252,44.4964766630651 -104.574448662647,44.50003696323 -104.574503969509,44.5036045873507</coordinates></LinearRing></outerBoundaryIs></Polygon><Polygon><outerBoundaryIs><LinearRing><coordinates>-104.518580306617,44.4458443303378 -104.513532679069,44.4459621821047 -104.508485051521,44.4460798238713 -104.503480043951,44.4461939356228 -104.503377360453,44.4426114955565 -104.503060127022,44.4389970855648 -104.497875640114,44.4391089982073 -104.493006643874,44.4392608318023 -104.488136957636,44.4394125053983 -104.483123561509,44.4395681591009 -104.483061907874,44.4358847990255 -104.488039264062,44.4357542653557 -104.492731170469,44.4356310418968 -104.497423036876,44.4355076184383 -104.502747963645,44.4354398755734 -104.508072831139,44.4353718936995 -104.508251464526,44.4388848037404 -104.513274082106,44.4387716119749 -104.518296769687,44.4386581702092 -104.518542952962,44.4421068902323 -104.518580306617,44.4458443303378</coordinates></LinearRing></outerBoundaryIs></Polygon><Polygon><outerBoundaryIs><LinearRing><coordinates>-104.584624550741,44.5692567303496 -104.584635223599,44.5655442260257 -104.589621110565,44.5653733142557 -104.589617723507,44.5616926399668 -104.589614366449,44.5580119956781 -104.59457236355,44.5578872239575 -104.594513330587,44.5615473982484 -104.599313727725,44.5614047465626 -104.599190694743,44.565044670856 -104.604353421894,44.5650191291987 -104.609516139045,44.5649933275409 -104.609531776,44.5686555118296 -104.604450778824,44.5686831134572 -104.599369801648,44.5687105150845 -104.599548948551,44.5723763293134 -104.594641511615,44.5725709310751 -104.59454790462,44.5688892568071 -104.589624487656,44.569071548565 -104.589627874748,44.5727697528742 -104.584613877883,44.5729691246734 -104.584624550741,44.5692567303496</coordinates></LinearRing></outerBoundaryIs></Polygon><Polygon><outerBoundaryIs><LinearRing><coordinates>-104.554718007701,44.5285002227242 -104.554653760842,44.5249614386637 -104.554589203952,44.5214068445852 -104.554525547088,44.5178654205217 -104.554461880222,44.5143238564583 -104.559525657665,44.5143101947572 -104.559595214526,44.5178588988332 -104.564629011961,44.5178410971435 -104.569662819395,44.5178230854534 -104.569704306235,44.5213691495481 -104.564684538811,44.5213884712289 -104.559664761387,44.5214075729093 -104.559735618247,44.5249562469851 -104.559805975057,44.5284796210321 -104.559160815388,44.5284799812441 -104.558998932499,44.532095735473 -104.553968995121,44.5321128371358 -104.548939077743,44.5321297187982 -104.543853720385,44.5321420504734 -104.538768363027,44.5321541521484 -104.538970735861,44.5285523079475 -104.539454005612,44.5285512277878 -104.544037263242,44.5285388762708 -104.544542032981,44.528537706104 -104.549103790623,44.5285254045941 -104.549630060349,44.528523214419 -104.554132318005,44.5285026929191 -104.554718007701,44.5285002227242</coordinates></LinearRing></outerBoundaryIs></Polygon><Polygon><outerBoundaryIs><LinearRing><coordinates>-104.639165867297,44.5246681805019 -104.634202949879,44.524699652173 -104.634159513087,44.5210763879084 -104.634115706316,44.5174638736567 -104.629147848849,44.5174837553281 -104.629101912062,44.5138709110831 -104.629034225319,44.5102752668657 -104.634012462829,44.5102652951901 -104.638990740338,44.5102551135143 -104.638939573652,44.5066785993017 -104.643976571122,44.5066547175837 -104.644039017815,44.510245841816 -104.644101454508,44.5138368560484 -104.649161031991,44.5138421043699 -104.64918655872,44.5174515686427 -104.644135031251,44.517447780314 -104.639083533782,44.517443801985 -104.639125200539,44.5210559562432 -104.639165867297,44.5246681805019</coordinates></LinearRing></outerBoundaryIs></Polygon><Polygon><outerBoundaryIs><LinearRing><coordinates>-104.533965462487,44.5764273544639 -104.539067068701,44.5759323923077 -104.539123346816,44.5800873670601 -104.53917961493,44.5842423518127 -104.534072508198,44.584453813631 -104.528965361467,44.5846650454483 -104.523858254738,44.5848762572648 -104.518751108011,44.5850872690803 -104.518705870941,44.5814992350006 -104.51866062387,44.577911230921 -104.523762230072,44.5774167487706 -104.528863846277,44.5769220366181 -104.533965462487,44.5764273544639</coordinates></LinearRing></outerBoundaryIs></Polygon><Polygon><outerBoundaryIs><LinearRing><coordinates>-104.609280052096,44.5139410477654 -104.604339114593,44.5139564594285 -104.59939814709,44.5139718910916 -104.59488930946,44.5140333026644 -104.594841062619,44.5104459084928 -104.594792815777,44.506858284321 -104.589731648467,44.5069584461353 -104.589681411614,44.5033721919722 -104.594745128897,44.5032504701257 -104.599228236491,44.5031425384903 -104.599284123391,44.5067692427106 -104.604260090893,44.5067471110156 -104.604299587743,44.510351835222 -104.609258055245,44.5103329035428 -104.609280052096,44.5139410477654</coordinates></LinearRing></outerBoundaryIs></Polygon><Polygon><outerBoundaryIs><LinearRing><coordinates>-103.322411415915,44.111194387229 -103.317362074734,44.1111786026915 -103.312312733553,44.1111627881553 -103.312264756166,44.1075498705447 -103.312216788775,44.1039369529369 -103.317302470384,44.1039433971262 -103.322388151991,44.1039496313162 -103.327419943368,44.1039557755683 -103.332255783913,44.1039617000447 -103.332229330565,44.1076191983311 -103.327408740159,44.1075961336958 -103.322399758953,44.1075719692723 -103.322411415915,44.111194387229</coordinates></LinearRing></outerBoundaryIs></Polygon><Polygon><outerBoundaryIs><LinearRing><coordinates>-104.604237170827,44.492345472741 -104.59925103326,44.4923655244343 -104.599290209875,44.4888043542466 -104.60426462744,44.4887673925527 -104.604292104053,44.4851891623643 -104.604274030672,44.4815945821907 -104.604255927291,44.4779998820171 -104.60921584485,44.4779230803145 -104.614176482409,44.4778460286115 -104.614197035793,44.4814636187931 -104.609235338233,44.481529080492 -104.609254831615,44.4851351106696 -104.609239065004,44.4887301708586 -104.609223278394,44.4923252310476 -104.604237170827,44.492345472741</coordinates></LinearRing></outerBoundaryIs></Polygon><Polygon><outerBoundaryIs><LinearRing><coordinates>-104.114102020176,44.1177324240965 -104.108978543405,44.1179836175893 -104.103853666635,44.1182333710851 -104.098728819865,44.118483124582 -104.098722118584,44.114802237006 -104.098715427303,44.11112134943 -104.103788934118,44.1109129359583 -104.108862390932,44.1107042924877 -104.108920482169,44.1143439600386 -104.114062828933,44.1141122065273 -104.114102020176,44.1177324240965</coordinates></LinearRing></outerBoundaryIs></Polygon><Polygon><outerBoundaryIs><LinearRing><coordinates>-104.014983211212,43.7492210331789 -104.009981759531,43.7492192497702 -104.009991897167,43.7455927921244 -104.004992805667,43.7455866486237 -104.005005303425,43.7419633808611 -104.005017811182,43.7383401230989 -104.01000558242,43.7383451568245 -104.014993373659,43.73835016055 -104.014992226163,43.7419745380873 -104.014991058667,43.7455989356247 -104.014983211212,43.7492210331789</coordinates></LinearRing></outerBoundaryIs></Polygon><Polygon><outerBoundaryIs><LinearRing><coordinates>-104.513774547526,44.4749742029114 -104.518905994949,44.4748381511464 -104.518871198396,44.4783295412693 -104.518836381842,44.4818209213923 -104.51370253438,44.4818986131487 -104.513667237743,44.485296583265 -104.508532870197,44.4852808850149 -104.508568696917,44.4819760849049 -104.508604493638,44.4786713047948 -104.508643100104,44.4751100046761 -104.513774547526,44.4749742029114</coordinates></LinearRing></outerBoundaryIs></Polygon><Polygon><outerBoundaryIs><LinearRing><coordinates>-104.093712783297,44.1481805087103 -104.088859266163,44.1478869924306 -104.088091706616,44.1478405930188 -104.087026707244,44.147776193835 -104.084005709028,44.1475934561497 -104.079152161894,44.1472999198675 -104.078867110607,44.1431010227991 -104.083838557708,44.1435087889301 -104.083671436388,44.13942404171 -104.088760913455,44.139945747688 -104.088810084809,44.1439163550594 -104.093528582057,44.144301791385 -104.093710451951,44.1443166512433 -104.093710602041,44.1445732710751 -104.093712783297,44.1481805087103</coordinates></LinearRing></outerBoundaryIs></Polygon><Polygon><outerBoundaryIs><LinearRing><coordinates>-104.699747797543,44.4845196097728 -104.699730834342,44.4809494895273 -104.704774921983,44.4810124978075 -104.709819009623,44.4810752460878 -104.709883222838,44.4847060363293 -104.709665516293,44.4884527466752 -104.704615178666,44.4883818783884 -104.699564841039,44.4883108101019 -104.699747797543,44.4845196097728</coordinates></LinearRing></outerBoundaryIs></Polygon><Polygon><outerBoundaryIs><LinearRing><coordinates>-103.885771750378,43.5357789650826 -103.885767594843,43.5394007340296 -103.885763439306,43.5430224729769 -103.880769142405,43.5430137851289 -103.875774875509,43.5430049072812 -103.875772062653,43.5393749182665 -103.875769249797,43.5357449192517 -103.880770515084,43.5357619371674 -103.885771750378,43.5357789650826</coordinates></LinearRing></outerBoundaryIs></Polygon><Polygon><outerBoundaryIs><LinearRing><coordinates>-104.633930146377,44.4922686426585 -104.638797744015,44.492263181006 -104.638817507371,44.4958943512077 -104.638837270728,44.4995255514094 -104.633835463211,44.4995739331022 -104.628833665695,44.4996223447948 -104.628948102217,44.495948144553 -104.629062508739,44.492273914311 -104.633930146377,44.4922686426585</coordinates></LinearRing></outerBoundaryIs></Polygon><Polygon><outerBoundaryIs><LinearRing><coordinates>-103.870808870707,43.5466366884525 -103.875777078393,43.5466326463029 -103.875779591277,43.550260555324 -103.875780684271,43.553879414373 -103.870810805127,43.5538773666366 -103.865840955987,43.5538750689008 -103.865840114547,43.5502542697627 -103.865840633022,43.5466405006029 -103.870808870707,43.5466366884525</coordinates></LinearRing></outerBoundaryIs></Polygon><Polygon><outerBoundaryIs><LinearRing><coordinates>-104.549068856977,44.4711106206535 -104.549056890439,44.4746795307941 -104.549044953901,44.4782484509347 -104.549033007358,44.4818117010751 -104.549021090814,44.4853749412154 -104.544013093193,44.4853437429214 -104.544006369758,44.4818023027921 -104.543999606323,44.4782607226628 -104.543992882886,44.4747163325334 -104.543986159448,44.471171812404 -104.549068856977,44.4711106206535</coordinates></LinearRing></outerBoundaryIs></Polygon><Polygon><outerBoundaryIs><LinearRing><coordinates>-103.697769572838,43.5067618122728 -103.697768471451,43.5103730658906 -103.697767380065,43.5139843195085 -103.693454301982,43.5139766526821 -103.688495302207,43.513967619325 -103.6884743723,43.5103584452273 -103.688453462388,43.5067492911269 -103.693414693153,43.5067564451097 -103.697769572838,43.5067618122728</coordinates></LinearRing></outerBoundaryIs></Polygon><Polygon><outerBoundaryIs><LinearRing><coordinates>-104.538852770921,44.4496313833926 -104.538829257392,44.4459936332696 -104.543885025013,44.4459528015021 -104.543890978531,44.4495798516347 -104.548929216141,44.4495280998767 -104.548917439707,44.4532043800214 -104.543868092088,44.4532323217784 -104.538818744469,44.4532600435353 -104.538852770921,44.4496313833926</coordinates></LinearRing></outerBoundaryIs></Polygon><Polygon><outerBoundaryIs><LinearRing><coordinates>-104.088696886803,44.0920448290139 -104.088723965526,44.0884268013575 -104.093766612433,44.0884505278031 -104.093771983691,44.0920666054303 -104.098847050579,44.0920881918467 -104.098884811817,44.0957021294447 -104.093777314949,44.0956826030575 -104.088669798081,44.0956628166704 -104.088696886803,44.0920448290139</coordinates></LinearRing></outerBoundaryIs></Polygon><Polygon><outerBoundaryIs><LinearRing><coordinates>-104.61920442392,44.517523328673 -104.619246910739,44.5211364729072 -104.614291503274,44.5211519945629 -104.609336095808,44.5211673262184 -104.609308068952,44.5175541719918 -104.609280052096,44.5139410477654 -104.614220989598,44.5139256161022 -104.614256256436,44.5175388503326 -104.61920442392,44.517523328673</coordinates></LinearRing></outerBoundaryIs></Polygon><Polygon><outerBoundaryIs><LinearRing><coordinates>-104.714945037432,44.4701583335318 -104.714829014329,44.4666169933111 -104.719537372089,44.4665985216858 -104.719712975139,44.4701214818882 -104.719626078466,44.4738142921937 -104.719539201792,44.4775070824991 -104.714930523966,44.4774777140757 -104.714937780699,44.4738181238038 -104.714945037432,44.4701583335318</coordinates></LinearRing></outerBoundaryIs></Polygon><Polygon><outerBoundaryIs><LinearRing><coordinates>-104.473575222446,44.4434111962804 -104.473043596795,44.4473497968141 -104.468993919742,44.4472794598078 -104.463935123423,44.4471915835471 -104.46334803385,44.4471813939811 -104.463348389995,44.443358833833 -104.463934509562,44.4433613534001 -104.46846179622,44.4433849900567 -104.468987295832,44.4433872396686 -104.473567642451,44.4434111762859 -104.473575222446,44.4434111962804</coordinates></LinearRing></outerBoundaryIs></Polygon><Polygon><outerBoundaryIs><LinearRing><coordinates>-104.422201444672,44.7120824517436 -104.41702687969,44.7121604460117 -104.416975752319,44.7085577018927 -104.416924634947,44.7049549277736 -104.421998200159,44.7049287636559 -104.422099817416,44.7085056776999 -104.422201444672,44.7120824517436</coordinates></LinearRing></outerBoundaryIs></Polygon><Polygon><outerBoundaryIs><LinearRing><coordinates>-104.574570149572,44.5917057595518 -104.574562226528,44.5953058537314 -104.569491009507,44.5953572553364 -104.564443512472,44.5954081869334 -104.564383625482,44.5917863127619 -104.569470962531,44.5917460811589 -104.574570149572,44.5917057595518</coordinates></LinearRing></outerBoundaryIs></Polygon><Polygon><outerBoundaryIs><LinearRing><coordinates>-104.579034829735,44.4784165806732 -104.579006103323,44.4821611908501 -104.57407871561,44.4820822725298 -104.569151297897,44.4820031642096 -104.569155294364,44.4783209940517 -104.574095072049,44.4783688823623 -104.579034829735,44.4784165806732</coordinates></LinearRing></outerBoundaryIs></Polygon><Polygon><outerBoundaryIs><LinearRing><coordinates>-103.980990415,44.4979270978561 -103.98091175843,44.4958575258975 -103.985901146358,44.4958507597624 -103.990890554289,44.4958437636275 -103.991054787244,44.4995246066655 -103.986052039839,44.4995001329936 -103.981049262429,44.4994754293195 -103.980997554688,44.4981150680339 -103.980990415,44.4979270978561</coordinates></LinearRing></outerBoundaryIs></Polygon><Polygon><outerBoundaryIs><LinearRing><coordinates>-104.614141065601,44.4705727182445 -104.619105373141,44.4704597465305 -104.619121246554,44.4741142767194 -104.614158769005,44.474209408428 -104.609196301455,44.4743043601364 -104.609176758061,44.4706856599583 -104.614141065601,44.4705727182445</coordinates></LinearRing></outerBoundaryIs></Polygon><Polygon><outerBoundaryIs><LinearRing><coordinates>-103.772395483929,43.5356698314716 -103.777375829362,43.5356668794566 -103.777383887191,43.5392904894282 -103.772402760984,43.5392936314905 -103.76742160478,43.5392965635535 -103.767415168495,43.5356728134865 -103.772395483929,43.5356698314716</coordinates></LinearRing></outerBoundaryIs></Polygon><Polygon><outerBoundaryIs><LinearRing><coordinates>-104.574559266369,44.5071721214715 -104.574503969509,44.5036045873507 -104.579553267051,44.5036152556639 -104.584617354332,44.5034938238184 -104.584669761158,44.5070583879492 -104.579607853849,44.5071580997625 -104.574559266369,44.5071721214715</coordinates></LinearRing></outerBoundaryIs></Polygon><Polygon><outerBoundaryIs><LinearRing><coordinates>-104.473400070971,44.6397866079203 -104.468505055333,44.6398104718132 -104.468461048189,44.6362516977833 -104.468417021044,44.6326929437534 -104.473382766718,44.6327036298526 -104.473391433845,44.6362452438866 -104.473400070971,44.6397866079203</coordinates></LinearRing></outerBoundaryIs></Polygon><Polygon><outerBoundaryIs><LinearRing><coordinates>-103.569013924214,44.4019428390688 -103.568996128394,44.4028030507811 -103.568992719195,44.4029679311093 -103.568969904553,44.4040705533038 -103.568952098737,44.4049316450174 -103.568951168956,44.4049766551069 -103.568948909487,44.4050858053241 -103.568945340324,44.4052582056672 -103.568940031572,44.405514946178 -103.567967087414,44.4055159563609 -103.567387974939,44.4055165564698 -103.566350670506,44.4055176166647 -103.566122849532,44.4055178467075 -103.565109865203,44.4055188768978 -103.564425242277,44.4055195670264 -103.559357830618,44.4055245279778 -103.559414672964,44.401936261057 -103.564495224797,44.4019397700047 -103.569013924214,44.4019428390688</coordinates></LinearRing></outerBoundaryIs></Polygon><Polygon><outerBoundaryIs><LinearRing><coordinates>-104.604174427166,44.467221321506 -104.604212420522,44.4707986316718 -104.599248112983,44.4709115633851 -104.594698345144,44.4709152249503 -104.594673351765,44.4673353947872 -104.599241979604,44.4673336532121 -104.604174427166,44.467221321506</coordinates></LinearRing></outerBoundaryIs></Polygon><Polygon><outerBoundaryIs><LinearRing><coordinates>-104.472776252376,44.7809900699054 -104.472799699563,44.7773464198072 -104.47747370497,44.7773696361032 -104.47742734579,44.7804437646499 -104.477425016333,44.7805980850789 -104.477419307665,44.7809765261311 -104.477364910361,44.7845834261587 -104.474956472882,44.7846096981665 -104.474788523058,44.7846115283065 -104.472752835188,44.7846336900034 -104.472776252376,44.7809900699054</coordinates></LinearRing></outerBoundaryIs></Polygon><Polygon><outerBoundaryIs><LinearRing><coordinates>-104.473605236976,44.6577507982535 -104.473576209796,44.6541731641949 -104.478247325529,44.6541250704347 -104.47827076267,44.6576870244759 -104.478294209811,44.661248968517 -104.473634234157,44.6613284123122 -104.473605236976,44.6577507982535</coordinates></LinearRing></outerBoundaryIs></Polygon><Polygon><outerBoundaryIs><LinearRing><coordinates>-104.554626085687,44.5582514770689 -104.554557693497,44.5622429216942 -104.549376134259,44.5611998921315 -104.549425675647,44.5568011270502 -104.554626085687,44.5582514770689</coordinates></LinearRing></outerBoundaryIs></Polygon><Polygon><outerBoundaryIs><LinearRing><coordinates>-104.472524734222,44.7558051404422 -104.472483226726,44.759355560297 -104.467257951493,44.7592555242691 -104.467311839002,44.7557183244479 -104.472524734222,44.7558051404422</coordinates></LinearRing></outerBoundaryIs></Polygon><Polygon><outerBoundaryIs><LinearRing><coordinates>-104.574127804928,44.4709425520274 -104.579092302558,44.470927330319 -104.579063576147,44.4746719504961 -104.574111438489,44.4746557721949 -104.574127804928,44.4709425520274</coordinates></LinearRing></outerBoundaryIs></Polygon><Polygon><outerBoundaryIs><LinearRing><coordinates>-104.459197863595,44.6941400013392 -104.464194788753,44.6940296672004 -104.46327496676,44.6975685919855 -104.457749292017,44.6976344365027 -104.459197863595,44.6941400013392</coordinates></LinearRing></outerBoundaryIs></Polygon><Polygon><outerBoundaryIs><LinearRing><coordinates>-104.579669326614,44.5916651879445 -104.574570149572,44.5917057595518 -104.574578052617,44.5881055553721 -104.57970518968,44.5880761737627 -104.579669326614,44.5916651879445</coordinates></LinearRing></outerBoundaryIs></Polygon><Polygon><outerBoundaryIs><LinearRing><coordinates>-104.564416004532,44.5809925702661 -104.569494871471,44.5808693885505 -104.569472888513,44.584502172766 -104.564369891512,44.5845784944284 -104.564416004532,44.5809925702661</coordinates></LinearRing></outerBoundaryIs></Polygon><Polygon><outerBoundaryIs><LinearRing><coordinates>-104.564156042067,44.4422457742675 -104.564122315529,44.4458297744279 -104.559075937863,44.4458291661908 -104.559098934389,44.4422349160376 -104.564156042067,44.4422457742675</coordinates></LinearRing></outerBoundaryIs></Polygon><Polygon><outerBoundaryIs><LinearRing><coordinates>-104.609213981517,44.5031019650806 -104.604221124004,44.5031223767857 -104.604182117598,44.4994975031173 -104.609191895138,44.4994791514236 -104.609213981517,44.5031019650806</coordinates></LinearRing></outerBoundaryIs></Polygon><Polygon><outerBoundaryIs><LinearRing><coordinates>-104.528881843977,44.4889297282015 -104.528860327525,44.4925470283315 -104.523874879959,44.4925676100241 -104.52386367641,44.4889400299087 -104.528881843977,44.4889297282015</coordinates></LinearRing></outerBoundaryIs></Polygon><Polygon><outerBoundaryIs><LinearRing><coordinates>-103.835932233027,43.528499326606 -103.830943609217,43.528492888557 -103.830943793187,43.5248695090929 -103.835930866208,43.5248768871875 -103.835932233027,43.528499326606</coordinates></LinearRing></outerBoundaryIs></Polygon><Polygon><outerBoundaryIs><LinearRing><coordinates>-103.807027139606,43.4813335274431 -103.802052694084,43.4813394184864 -103.802047704551,43.4777184816929 -103.807024319626,43.4777138107394 -103.807027139606,43.4813335274431</coordinates></LinearRing></outerBoundaryIs></Polygon><Polygon><outerBoundaryIs><LinearRing><coordinates>-104.619205590125,44.4886554874642 -104.614222312565,44.4886929291614 -104.614217549178,44.4850810589747 -104.619180266741,44.4850270172798 -104.619205590125,44.4886554874642</coordinates></LinearRing></outerBoundaryIs></Polygon><Polygon><outerBoundaryIs><LinearRing><coordinates>-104.624176141385,44.5175036370007 -104.61920442392,44.517523328673 -104.619161947101,44.5139101744389 -104.624131914582,44.5138905427611 -104.624176141385,44.5175036370007</coordinates></LinearRing></outerBoundaryIs></Polygon><Polygon><outerBoundaryIs><LinearRing><coordinates>-104.618967516533,44.4526491756311 -104.623998584149,44.4526055138786 -104.623999877478,44.4561718540715 -104.61893393987,44.4561970958314 -104.618967516533,44.4526491756311</coordinates></LinearRing></outerBoundaryIs></Polygon><Polygon><outerBoundaryIs><LinearRing><coordinates>-104.623997260819,44.4490390636857 -104.619001113197,44.4491012554309 -104.618991819827,44.4454970052425 -104.623974637485,44.4454571434993 -104.623997260819,44.4490390636857</coordinates></LinearRing></outerBoundaryIs></Polygon><Polygon><outerBoundaryIs><LinearRing><coordinates>-104.069694617181,44.0307183819329 -104.06481818018,44.0306735852651 -104.064588109043,44.0269870877907 -104.069470096046,44.0270512544499 -104.069694617181,44.0307183819329</coordinates></LinearRing></outerBoundaryIs></Polygon><Polygon><outerBoundaryIs><LinearRing><coordinates>-104.569213139746,44.4422566624975 -104.574219457404,44.4422220307434 -104.574176850855,44.4458078309146 -104.569168693194,44.4458301926651 -104.569213139746,44.4422566624975</coordinates></LinearRing></outerBoundaryIs></Polygon><Polygon><outerBoundaryIs><LinearRing><coordinates>-104.478226837781,44.625394677705 -104.473314292062,44.6253989915722 -104.47327195477,44.6217612374549 -104.478178340508,44.6217567535967 -104.478226837781,44.625394677705</coordinates></LinearRing></outerBoundaryIs></Polygon><Polygon><outerBoundaryIs><LinearRing><coordinates>-104.614198492757,44.5103140518696 -104.609258055245,44.5103329035428 -104.609236058395,44.5067247793203 -104.614175965915,44.5067023976369 -104.614198492757,44.5103140518696</coordinates></LinearRing></outerBoundaryIs></Polygon><Polygon><outerBoundaryIs><LinearRing><coordinates>-104.443438725401,44.6437249661038 -104.443367158214,44.6401678820759 -104.44839998357,44.6400662879843 -104.448412770795,44.6436229320539 -104.443438725401,44.6437249661038</coordinates></LinearRing></outerBoundaryIs></Polygon><Polygon><outerBoundaryIs><LinearRing><coordinates>-103.747208259794,43.3292794774194 -103.747199964426,43.3328989754258 -103.742284877396,43.3328834343309 -103.742287393528,43.3314434989629 -103.74228771431,43.3312599195535 -103.742291202804,43.3292654859695 -103.744156775808,43.3292708127258 -103.744425200557,43.3292715822591 -103.747208259794,43.3292794774194</coordinates></LinearRing></outerBoundaryIs></Polygon><Polygon><outerBoundaryIs><LinearRing><coordinates>-104.538904552702,44.6136296756322 -104.533901505618,44.6136285571237 -104.533846948702,44.6100929930876 -104.538858055738,44.6100638715528 -104.538904552702,44.6136296756322</coordinates></LinearRing></outerBoundaryIs></Polygon><Polygon><outerBoundaryIs><LinearRing><coordinates>-104.609106874729,44.4671087397997 -104.604174427166,44.467221321506 -104.604136433811,44.4636439013403 -104.609037021397,44.4635318496412 -104.609106874729,44.4671087397997</coordinates></LinearRing></outerBoundaryIs></Polygon><Polygon><outerBoundaryIs><LinearRing><coordinates>-104.473576209796,44.6541731641949 -104.46874253421,44.6542226980857 -104.468668417014,44.6506241940346 -104.473534932617,44.650591330141 -104.473576209796,44.6541731641949</coordinates></LinearRing></outerBoundaryIs></Polygon><Polygon><outerBoundaryIs><LinearRing><coordinates>-104.669419745641,44.4774225096634 -104.664354998002,44.4773598213946 -104.664354324893,44.4739622511814 -104.669417332493,44.4739727594437 -104.669419745641,44.4774225096634</coordinates></LinearRing></outerBoundaryIs></Polygon><Polygon><outerBoundaryIs><LinearRing><coordinates>-104.46874253421,44.6542226980857 -104.468816561396,44.6578160521308 -104.464049445803,44.6578840559943 -104.463952168586,44.6542716219416 -104.46874253421,44.6542226980857</coordinates></LinearRing></outerBoundaryIs></Polygon><Polygon><outerBoundaryIs><LinearRing><coordinates>-104.719609790267,44.5212825199191 -104.714887362661,44.5212862114839 -104.714816946169,44.5176856671544 -104.719505543804,44.5176807855935 -104.719609790267,44.5212825199191</coordinates></LinearRing></outerBoundaryIs></Polygon><Polygon><outerBoundaryIs><LinearRing><coordinates>-104.447890536691,44.7553634492878 -104.443318290823,44.7552716527595 -104.44303366833,44.7516681230641 -104.447706364216,44.75178746958 -104.447890536691,44.7553634492878</coordinates></LinearRing></outerBoundaryIs></Polygon><Polygon><outerBoundaryIs><LinearRing><coordinates>-104.469491289094,44.6867128545923 -104.465022023468,44.6868459383252 -104.464929576186,44.6832011042332 -104.469400001868,44.6830899905284 -104.469491289094,44.6867128545923</coordinates></LinearRing></outerBoundaryIs></Polygon><Polygon><outerBoundaryIs><LinearRing><coordinates>-104.59925103326,44.4923655244343 -104.599211686659,44.4959406946226 -104.59471632897,44.4960747961514 -104.594735225581,44.4925069659738 -104.59925103326,44.4923655244343</coordinates></LinearRing></outerBoundaryIs></Polygon><Polygon><outerBoundaryIs><LinearRing><coordinates>-104.453073235852,44.773541815215 -104.448687879992,44.7734777385803 -104.448544897211,44.7698245186238 -104.452925583059,44.7698788052293 -104.453073235852,44.773541815215</coordinates></LinearRing></outerBoundaryIs></Polygon><Polygon><outerBoundaryIs><LinearRing><coordinates>-103.252647618524,44.0058274642873 -103.252667098045,44.0057176743755 -103.252861623255,44.0046212552551 -103.25286261323,44.0046156852596 -103.252937933652,44.0046227251017 -103.252953783741,44.0046242050685 -103.252956783757,44.0046244850622 -103.253023064128,44.0046306749233 -103.253029174162,44.0046311749105 -103.253048094267,44.0046327348711 -103.253132964737,44.0046397046944 -103.253202345115,44.0046442545511 -103.253271815489,44.0046479344088 -103.253341365859,44.0046507442673 -103.253410966225,44.0046526741267 -103.253480616586,44.004653723987 -103.254764203198,44.0046650114222 -103.255569367345,44.0046720398136 -103.255643187726,44.0046726796661 -103.255642718296,44.0047817895438 -103.255642718299,44.0047824095431 -103.255638713183,44.0057167384956 -103.255634693738,44.0058265183795 -103.25565260383,44.0058265083441 -103.255712064132,44.0058264882265 -103.256891150138,44.0058260958946 -103.25696414051,44.0058260657502 -103.256964481039,44.0059268756368 -103.256964491066,44.0059319156311 -103.256964511086,44.0059358356267 -103.256972213224,44.008245983028 -103.256899222855,44.0082461131707 -103.252405690097,44.0082542019575 -103.25238652,44.008254231995 -103.252312839627,44.0082543621391 -103.252309849612,44.0082543721449 -103.25229366953,44.0082544021765 -103.252253379326,44.0082544822553 -103.252250389311,44.0082544822611 -103.252234209229,44.0082545122928 -103.252216999142,44.0082545423264 -103.25223650866,44.0081446224156 -103.252647618524,44.0058274642873</coordinates></LinearRing></outerBoundaryIs></Polygon><Polygon><outerBoundaryIs><LinearRing><coordinates>-103.472790499222,43.4362431633947 -103.473010990538,43.4381091159155 -103.470027967293,43.4382954780995 -103.470047892968,43.4354990841433 -103.471234131938,43.4354703433195 -103.471886620855,43.4365406344101 -103.472790499222,43.4362431633947</coordinates></LinearRing></outerBoundaryIs></Polygon><Polygon><outerBoundaryIs><LinearRing><coordinates>-103.848011786949,44.4743059125666 -103.848076606957,44.4743057222387 -103.848125637789,44.4747882230939 -103.848105148479,44.4751919641203 -103.848124019082,44.4755426848265 -103.848206689755,44.4759315352965 -103.848364910491,44.4763551154623 -103.848528401081,44.4766941354073 -103.84863039128,44.4768070751476 -103.848898531996,44.4772200447284 -103.848836662017,44.4772346750759 -103.848732722054,44.4772592656596 -103.846604748987,44.4755710225826 -103.845601878884,44.4755667076497 -103.845555748879,44.4755663978825 -103.844733868795,44.4755626520346 -103.844733868789,44.475559802028 -103.844733868787,44.4755584020248 -103.844733176551,44.4743152091506 -103.846587976776,44.4743099597685 -103.846764566797,44.4743094588753 -103.848011786949,44.4743059125666</coordinates></LinearRing></outerBoundaryIs></Polygon><Polygon><outerBoundaryIs><LinearRing><coordinates>-104.357976444478,44.4113733794289 -104.358225954191,44.41127318924 -104.358637644448,44.4117999489766 -104.358137725025,44.4120006893553 -104.357940495251,44.4120788995046 -104.35786234534,44.4121093595637 -104.357114366178,44.4123860001288 -104.357102726191,44.4123902101375 -104.357099446194,44.41239136014 -104.35708491621,44.4123964001509 -104.356961426346,44.412439080244 -104.356936476373,44.4124477102628 -104.356823816496,44.4124866303478 -104.356824546399,44.4123951403408 -104.35682473637,44.4123677003387 -104.356828865802,44.4118342002981 -104.356939075675,44.4117899402147 -104.356962455648,44.411780550197 -104.357084135507,44.4117317001048 -104.357096055494,44.4117269100958 -104.357191585383,44.4116885500234 -104.357898224569,44.4114047894882 -104.357976444478,44.4113733794289</coordinates></LinearRing></outerBoundaryIs></Polygon><Polygon><outerBoundaryIs><LinearRing><coordinates>-103.859413417644,44.5043263292653 -103.859415507818,44.5042243990647 -103.859511357769,44.5042252285704 -103.859534557758,44.5042254284508 -103.859630407709,44.5042262479565 -103.859715747665,44.5042269875164 -103.859836837604,44.504228036892 -103.860526497252,44.5042339833356 -103.860603177213,44.5042346429402 -103.86059786684,44.5044541033825 -103.860599746463,44.5046736537877 -103.860604616259,44.5047912639849 -103.860608836082,44.5048932441559 -103.860532056121,44.5048925845506 -103.860483476146,44.5048921648004 -103.859836526472,44.5048865781265 -103.859715436533,44.504885528749 -103.859517736633,44.5048838297655 -103.859421766682,44.5048830002589 -103.859413057064,44.5046634098949 -103.859412817091,44.5046477298669 -103.859411017443,44.5044438694966 -103.859413417644,44.5043263292653</coordinates></LinearRing></outerBoundaryIs></Polygon><Polygon><outerBoundaryIs><LinearRing><coordinates>-104.373032820351,44.408364428253 -104.372529650926,44.4085627186325 -104.372271470759,44.4082260687984 -104.372774640185,44.4080277884189 -104.373032820351,44.408364428253</coordinates>
				</LinearRing>
			</outerBoundaryIs>
		</Polygon>
	  </MultiGeometry>
  </Placemark>
</Folder>
</Document></kml>
